rest_id,name,michelin_stars,michelin_award,michelin_distinction,michelin_cuisine,michelin_location,michelin_source_url
ChIJEWbXz6ZZwokRLKmKrtPfVFY,Eleven Madison Park,3,3 Michelin Stars,3 Stars,Contemporary,Manhattan – Midtown South,https://guide.michelin.com/us/en/article/michelin-guide-ceremony/all-the-stars-in-the-michelin-guide-to-new-york-city-2025
ChIJpSTN0R9awokRI29rK_SfbeA,Jungsik New York,3,3 Michelin Stars,3 Stars,Korean,Manhattan – Tribeca,https://guide.michelin.com/us/en/article/michelin-guide-ceremony/all-the-stars-in-the-michelin-guide-to-new-york-city-2025
ChIJV7QQ6kdZwokRax4615zpSGU,Le Bernardin,3,3 Michelin Stars,3 Stars,Seafood,Manhattan – Midtown West,https://guide.michelin.com/us/en/article/michelin-guide-ceremony/all-the-stars-in-the-michelin-guide-to-new-york-city-2025
ChIJp3PsL_ZYwokRZYqs_40RJF4,Pre Se,3,3 Michelin Stars,3 Stars,Contemporary,Manhattan – Columbus Circle,https://guide.michelin.com/us/en/article/michelin-guide-ceremony/all-the-stars-in-the-michelin-guide-to-new-york-city-2025
ChIJT_JHTgFZwokRXleXHadsVaE,Sushi Sho,3,3 Michelin Stars,3 Stars,Japanese,Manhattan – Midtown East,https://guide.michelin.com/us/en/article/michelin-guide-ceremony/all-the-stars-in-the-michelin-guide-to-new-york-city-2025
ChIJWfonJ_tYwokRwIGb6Im403E,Aquavit,2,2 Michelin Stars,2 Stars,Scandinavian,Manhattan – Midtown East,https://guide.michelin.com/us/en/article/michelin-guide-ceremony/all-the-stars-in-the-michelin-guide-to-new-york-city-2025
ChIJUwatTl1ZwokRUDXxYoFa-hk,Aska,2,2 Michelin Stars,2 Stars,Scandinavian,Brooklyn – Williamsburg,https://guide.michelin.com/us/en/article/michelin-guide-ceremony/all-the-stars-in-the-michelin-guide-to-new-york-city-2025
ChIJ_Y7rMCBawokR0mnRmN5kL2o,Atera,2,2 Michelin Stars,2 Stars,Contemporary,Manhattan – Tribeca,https://guide.michelin.com/us/en/article/michelin-guide-ceremony/all-the-stars-in-the-michelin-guide-to-new-york-city-2025
ChIJ3bmAHghZwokRRXYO57yLuss,Atomix,2,2 Michelin Stars,2 Stars,Korean,Manhattan – Flatiron District,https://guide.michelin.com/us/en/article/michelin-guide-ceremony/all-the-stars-in-the-michelin-guide-to-new-york-city-2025
ChIJiVVSAE1awokRzdvqVP_z3aA,Chef's Table at Brooklyn Fare,2,2 Michelin Stars,2 Stars,Contemporary,Manhattan – Hell's Kitchen,https://guide.michelin.com/us/en/article/michelin-guide-ceremony/all-the-stars-in-the-michelin-guide-to-new-york-city-2025
ChIJw_TGEwBZwokR-zLts543O-4,Gabriel Kreuther,2,2 Michelin Stars,2 Stars,Alsatian,Manhattan – Midtown West,https://guide.michelin.com/us/en/article/michelin-guide-ceremony/all-the-stars-in-the-michelin-guide-to-new-york-city-2025
ChIJh5JzbfZYwokRR7KqJOksL7Y,Jean-Georges,2,2 Michelin Stars,2 Stars,Contemporary,Manhattan – Columbus Circle,https://guide.michelin.com/us/en/article/michelin-guide-ceremony/all-the-stars-in-the-michelin-guide-to-new-york-city-2025
ChIJfXtCJgBZwokRt0ncRw3PEk4,Joo Ok,2,2 Michelin Stars,2 Stars,Korean,Manhattan – Koreatown,https://guide.michelin.com/us/en/article/michelin-guide-ceremony/all-the-stars-in-the-michelin-guide-to-new-york-city-2025
ChIJM26HnlhYwokR4IfXFz-AuCA,Masa,2,2 Michelin Stars,2 Stars,Japanese,Manhattan – Columbus Circle,https://guide.michelin.com/us/en/article/michelin-guide-ceremony/all-the-stars-in-the-michelin-guide-to-new-york-city-2025
ChIJZZlClEZbwokRZj-0-fE25tk,Saga,2,2 Michelin Stars,2 Stars,Contemporary,Manhattan – Financial District,https://guide.michelin.com/us/en/article/michelin-guide-ceremony/all-the-stars-in-the-michelin-guide-to-new-york-city-2025
ChIJmUAVNb5YwokRyFZIbhQ_cxM,Sushi Noz,2,2 Michelin Stars,2 Stars,Japanese,Manhattan – Upper East Side,https://guide.michelin.com/us/en/article/michelin-guide-ceremony/all-the-stars-in-the-michelin-guide-to-new-york-city-2025
ChIJMW-gxPtYwokRzDlnsRgq9rA,The Modern,2,2 Michelin Stars,2 Stars,Contemporary,Manhattan – Midtown West,https://guide.michelin.com/us/en/article/michelin-guide-ceremony/all-the-stars-in-the-michelin-guide-to-new-york-city-2025
ChIJlRDB34FZwokRUVAP-qsAoUY,odo,2,2 Michelin Stars,2 Stars,Japanese,Manhattan – Flatiron District,https://guide.michelin.com/us/en/article/michelin-guide-ceremony/all-the-stars-in-the-michelin-guide-to-new-york-city-2025
ChIJ385rlW9ZwokRHTamoLqoosI,63 Clinton,1,1 Michelin Star,1 Star,Contemporary,Manhattan – Lower East Side,https://guide.michelin.com/us/en/article/michelin-guide-ceremony/all-the-stars-in-the-michelin-guide-to-new-york-city-2025
ChIJoXWHAlJZwokRVBsijjIYQoQ,Bar Miller,1,1 Michelin Star,1 Star,Japanese,Manhattan – Alphabet City,https://guide.michelin.com/us/en/article/michelin-guide-ceremony/all-the-stars-in-the-michelin-guide-to-new-york-city-2025
ChIJ5Q8Bl1NbwokRjuIXKz8OfRQ,Bridges,1,1 Michelin Star,1 Star,Contemporary,Manhattan – Chinatown,https://guide.michelin.com/us/en/article/michelin-guide-ceremony/all-the-stars-in-the-michelin-guide-to-new-york-city-2025
ChIJCcAxi5RYwokRdUqdw5_FHIk,Café Boulud,1,1 Michelin Star,1 Star,French,Manhattan – Upper East Side,https://guide.michelin.com/us/en/article/michelin-guide-ceremony/all-the-stars-in-the-michelin-guide-to-new-york-city-2025
ChIJUd1sYJ9ZwokRRkqniQdJ144,Casa Mono,1,1 Michelin Star,1 Star,Spanish,Manhattan – Gramercy Park,https://guide.michelin.com/us/en/article/michelin-guide-ceremony/all-the-stars-in-the-michelin-guide-to-new-york-city-2025
ChIJgaiXlpNbwokRN0vlYTshs-c,Corima,1,1 Michelin Star,1 Star,Mexican,Manhattan – Chinatown,https://guide.michelin.com/us/en/article/michelin-guide-ceremony/all-the-stars-in-the-michelin-guide-to-new-york-city-2025
ChIJQ1R3hKNZwokRQM4wbIrc00o,Cote,1,1 Michelin Star,1 Star,Korean,Manhattan – Flatiron District,https://guide.michelin.com/us/en/article/michelin-guide-ceremony/all-the-stars-in-the-michelin-guide-to-new-york-city-2025
ChIJ__9LNBZawokREnkOiVx7ydc,Crown Shy,1,1 Michelin Star,1 Star,Contemporary,Manhattan – Financial District,https://guide.michelin.com/us/en/article/michelin-guide-ceremony/all-the-stars-in-the-michelin-guide-to-new-york-city-2025
ChIJ09ZGju5YwokRXOcNC23JRwk,Daniel,1,1 Michelin Star,1 Star,French,Manhattan – Upper East Side,https://guide.michelin.com/us/en/article/michelin-guide-ceremony/all-the-stars-in-the-michelin-guide-to-new-york-city-2025
ChIJBXlte51ZwokRXzXtdaBG9xM,Dirt Candy,1,1 Michelin Star,1 Star,Vegetarian,Manhattan – Lower East Side,https://guide.michelin.com/us/en/article/michelin-guide-ceremony/all-the-stars-in-the-michelin-guide-to-new-york-city-2025
ChIJw6JyhoxZwokR3mKl4FLg5rM,Essential by Christophe,1,1 Michelin Star,1 Star,French,Manhattan – Upper West Side,https://guide.michelin.com/us/en/article/michelin-guide-ceremony/all-the-stars-in-the-michelin-guide-to-new-york-city-2025
ChIJf3f-f4VZwokRcBCEciTOGRQ,Estela,1,1 Michelin Star,1 Star,Contemporary,Manhattan – Nolita,https://guide.michelin.com/us/en/article/michelin-guide-ceremony/all-the-stars-in-the-michelin-guide-to-new-york-city-2025
ChIJi9BURJFZwokRDcqvIgxdXds,Family Meal at Blue Hill,1,1 Michelin Star,1 Star,American,Manhattan – Greenwich Village,https://guide.michelin.com/us/en/article/michelin-guide-ceremony/all-the-stars-in-the-michelin-guide-to-new-york-city-2025
ChIJ35V_tZlbwokRzolpCln-mG4,Francie,1,1 Michelin Star,1 Star,Contemporary,Brooklyn – Williamsburg,https://guide.michelin.com/us/en/article/michelin-guide-ceremony/all-the-stars-in-the-michelin-guide-to-new-york-city-2025
ChIJL6-NTmBZwokRGacx3GWq3D0,Frevo,1,1 Michelin Star,1 Star,Contemporary,Manhattan – Greenwich Village,https://guide.michelin.com/us/en/article/michelin-guide-ceremony/all-the-stars-in-the-michelin-guide-to-new-york-city-2025
ChIJvSQIgqFZwokRFYQbJdzceSs,Gramercy Tavern,1,1 Michelin Star,1 Star,Contemporary,Manhattan – Flatiron District,https://guide.michelin.com/us/en/article/michelin-guide-ceremony/all-the-stars-in-the-michelin-guide-to-new-york-city-2025
ChIJJy7oGqZZwokReiM-H1qtHYs,Huso,1,1 Michelin Star,1 Star,Contemporary,Manhattan – Tribeca,https://guide.michelin.com/us/en/article/michelin-guide-ceremony/all-the-stars-in-the-michelin-guide-to-new-york-city-2025
ChIJyRIhC_dbwokRqGoh89KPQME,Icca,1,1 Michelin Star,1 Star,Japanese,Manhattan – Tribeca,https://guide.michelin.com/us/en/article/michelin-guide-ceremony/all-the-stars-in-the-michelin-guide-to-new-york-city-2025
ChIJvSw_uuxZwokRwESVzh5G33s,Jeju Noodle Bar,1,1 Michelin Star,1 Star,Korean,Manhattan – West Village,https://guide.michelin.com/us/en/article/michelin-guide-ceremony/all-the-stars-in-the-michelin-guide-to-new-york-city-2025
ChIJfTgbIE9ZwokRdRjFE2OMZN8,Jua,1,1 Michelin Star,1 Star,Korean,Manhattan – Flatiron District,https://guide.michelin.com/us/en/article/michelin-guide-ceremony/all-the-stars-in-the-michelin-guide-to-new-york-city-2025
ChIJBchQ93pZwokR5AtYEzo6p1o,Jōji,1,1 Michelin Star,1 Star,Japanese,Manhattan – Midtown East,https://guide.michelin.com/us/en/article/michelin-guide-ceremony/all-the-stars-in-the-michelin-guide-to-new-york-city-2025
ChIJN8SzjFRZwokR-b5lqNXcg44,Kochi,1,1 Michelin Star,1 Star,Korean,Manhattan – Midtown West,https://guide.michelin.com/us/en/article/michelin-guide-ceremony/all-the-stars-in-the-michelin-guide-to-new-york-city-2025
ChIJZY2-HL5ZwokRnIcy5aBG-o0,Kosaka,1,1 Michelin Star,1 Star,Japanese,Manhattan – West Village,https://guide.michelin.com/us/en/article/michelin-guide-ceremony/all-the-stars-in-the-michelin-guide-to-new-york-city-2025
ChIJq75Ur-tZwokRo7I_F_PhlcU,L'Abeille,1,1 Michelin Star,1 Star,French,Manhattan – Tribeca,https://guide.michelin.com/us/en/article/michelin-guide-ceremony/all-the-stars-in-the-michelin-guide-to-new-york-city-2025
ChIJyw5j84lZwokRnUI_UknPSNA,Le Coucou,1,1 Michelin Star,1 Star,French,Manhattan – SoHo,https://guide.michelin.com/us/en/article/michelin-guide-ceremony/all-the-stars-in-the-michelin-guide-to-new-york-city-2025
ChIJjcAJd-tZwokRJ0GkkJ2Urp0,Le Pavillon,1,1 Michelin Star,1 Star,Contemporary / French,Manhattan – Midtown East,https://guide.michelin.com/us/en/article/michelin-guide-ceremony/all-the-stars-in-the-michelin-guide-to-new-york-city-2025
ChIJk_HUw2dZwokR_zqBwmFDHgo,Mari,1,1 Michelin Star,1 Star,Korean,Manhattan – Hell's Kitchen,https://guide.michelin.com/us/en/article/michelin-guide-ceremony/all-the-stars-in-the-michelin-guide-to-new-york-city-2025
ChIJ6alY3R1ZwokRQXUSqpo8OIM,Meju,1,1 Michelin Star,1 Star,Korean,Queens – Hunters Point,https://guide.michelin.com/us/en/article/michelin-guide-ceremony/all-the-stars-in-the-michelin-guide-to-new-york-city-2025
ChIJYTKtj2dZwokR3IYU3st5VuA,Muku,1,1 Michelin Star,1 Star,Japanese,Manhattan – Tribeca,https://guide.michelin.com/us/en/article/michelin-guide-ceremony/all-the-stars-in-the-michelin-guide-to-new-york-city-2025
ChIJBxKYEqZZwokRL__Emm2Tl2Y,Noda,1,1 Michelin Star,1 Star,Japanese,Manhattan – Flatiron District,https://guide.michelin.com/us/en/article/michelin-guide-ceremony/all-the-stars-in-the-michelin-guide-to-new-york-city-2025
ChIJT4q4QIFZwokRs1nRu7_ckVI,Noz 17,1,1 Michelin Star,1 Star,Japanese,Manhattan – Chelsea,https://guide.michelin.com/us/en/article/michelin-guide-ceremony/all-the-stars-in-the-michelin-guide-to-new-york-city-2025
ChIJSfeOCf5ZwokRWuoMT5Kc6KY,Nōksu,1,1 Michelin Star,1 Star,Contemporary / Korean,Manhattan – Koreatown,https://guide.michelin.com/us/en/article/michelin-guide-ceremony/all-the-stars-in-the-michelin-guide-to-new-york-city-2025
ChIJee0VTWZZwokRDYFpAoConlw,Oiji Mi,1,1 Michelin Star,1 Star,Korean,Manhattan – Flatiron District,https://guide.michelin.com/us/en/article/michelin-guide-ceremony/all-the-stars-in-the-michelin-guide-to-new-york-city-2025
ChIJ__-z7kBZwokRezHqB39zBLI,Oxomoco,1,1 Michelin Star,1 Star,Mexican,Brooklyn – Williamsburg,https://guide.michelin.com/us/en/article/michelin-guide-ceremony/all-the-stars-in-the-michelin-guide-to-new-york-city-2025
ChIJh2cqMDNZwokRqMMqNP9srxI,Restaurant Yuu,1,1 Michelin Star,1 Star,French / French Contemporary,Brooklyn – Williamsburg,https://guide.michelin.com/us/en/article/michelin-guide-ceremony/all-the-stars-in-the-michelin-guide-to-new-york-city-2025
ChIJDdKSyCVZwokR-9svvc9YDFo,Rezd?ra,1,1 Michelin Star,1 Star,Italian,Manhattan – Flatiron District,https://guide.michelin.com/us/en/article/michelin-guide-ceremony/all-the-stars-in-the-michelin-guide-to-new-york-city-2025
ChIJxZmzO7hZwokRx2fls4uU4YU,Semma,1,1 Michelin Star,1 Star,South Indian / Indian,Manhattan – Greenwich Village,https://guide.michelin.com/us/en/article/michelin-guide-ceremony/all-the-stars-in-the-michelin-guide-to-new-york-city-2025
ChIJBdMLKZBZwokRJ0tYbQ6nfZ4,Shmoné,1,1 Michelin Star,1 Star,Israeli,Manhattan – Greenwich Village,https://guide.michelin.com/us/en/article/michelin-guide-ceremony/all-the-stars-in-the-michelin-guide-to-new-york-city-2025
ChIJ34eY6E5ZwokRvof_huM7t3U,Shota Omakase,1,1 Michelin Star,1 Star,Japanese,Brooklyn – Williamsburg,https://guide.michelin.com/us/en/article/michelin-guide-ceremony/all-the-stars-in-the-michelin-guide-to-new-york-city-2025
ChIJsw80F5NZwokRcDtxajLLOeA,Sushi Nakazawa New York,1,1 Michelin Star,1 Star,Japanese,Manhattan – West Village,https://guide.michelin.com/us/en/article/michelin-guide-ceremony/all-the-stars-in-the-michelin-guide-to-new-york-city-2025
ChIJ3aiOZQRZwokRyTh5pEHCyXY,Tempura Matsui,1,1 Michelin Star,1 Star,Japanese,Manhattan – Midtown East,https://guide.michelin.com/us/en/article/michelin-guide-ceremony/all-the-stars-in-the-michelin-guide-to-new-york-city-2025
ChIJbTCMl19ZwokRUohF137p9cQ,The Four Horsemen,1,1 Michelin Star,1 Star,American,Brooklyn – Williamsburg,https://guide.michelin.com/us/en/article/michelin-guide-ceremony/all-the-stars-in-the-michelin-guide-to-new-york-city-2025
ChIJ00d8thlZwokRokFYn2wZy5E,Torien,1,1 Michelin Star,1 Star,Japanese,Manhattan – East Village,https://guide.michelin.com/us/en/article/michelin-guide-ceremony/all-the-stars-in-the-michelin-guide-to-new-york-city-2025
ChIJWd7fRdZZwokRhru5tn4KsVM,Torrisi,1,1 Michelin Star,1 Star,Contemporary / Italian,Manhattan – Little Italy,https://guide.michelin.com/us/en/article/michelin-guide-ceremony/all-the-stars-in-the-michelin-guide-to-new-york-city-2025
ChIJRQgS7etZwokR8IMUTfuDXOM,Tsukimi,1,1 Michelin Star,1 Star,Japanese,Manhattan – East Village,https://guide.michelin.com/us/en/article/michelin-guide-ceremony/all-the-stars-in-the-michelin-guide-to-new-york-city-2025
ChIJU7iTdXhZwokR2n5XFHPVdAY,Tuome,1,1 Michelin Star,1 Star,Fusion,Manhattan – East Village,https://guide.michelin.com/us/en/article/michelin-guide-ceremony/all-the-stars-in-the-michelin-guide-to-new-york-city-2025
ChIJSdFphJdbwokRG3R5uMCxFt4,Yamada,1,1 Michelin Star,1 Star,Japanese,Manhattan – Chinatown,https://guide.michelin.com/us/en/article/michelin-guide-ceremony/all-the-stars-in-the-michelin-guide-to-new-york-city-2025
ChIJkYkkoh1ZwokRE01ymVZhhpg,YingTao,1,1 Michelin Star,1 Star,Chinese / Contemporary,Manhattan – Hell's Kitchen,https://guide.michelin.com/us/en/article/michelin-guide-ceremony/all-the-stars-in-the-michelin-guide-to-new-york-city-2025
ChIJ6WTjLENZwokRsU3IurxvnCI,Yoshino,1,1 Michelin Star,1 Star,Japanese,Manhattan – East Village,https://guide.michelin.com/us/en/article/michelin-guide-ceremony/all-the-stars-in-the-michelin-guide-to-new-york-city-2025
ChIJRY8CqGJZwokR285BA7eLv5g,bōm,1,1 Michelin Star,1 Star,Korean,Manhattan – Flatiron District,https://guide.michelin.com/us/en/article/michelin-guide-ceremony/all-the-stars-in-the-michelin-guide-to-new-york-city-2025
ChIJ-7AOKpRZwokRMq0XnG_eehU,4 Charles Prime Rib,0,Unstarred Michelin-listed,Unstarred Michelin-listed,,,https://guide.michelin.com/en/us/new-york-state/new-york/restaurants
ChIJQ2rWiydZwokRKb1IcXrXZ-E,53,0,Unstarred Michelin-listed,Unstarred Michelin-listed,,,https://guide.michelin.com/en/us/new-york-state/new-york/restaurants
ChIJK7XWBaZZwokRbS6fwX6Otto,6 Restaurant,0,Unstarred Michelin-listed,Unstarred Michelin-listed,,,https://guide.michelin.com/en/us/new-york-state/new-york/restaurants
ChIJNaUIchtZwokRHI8Pk3mEz1Y,8282,0,Unstarred Michelin-listed,Unstarred Michelin-listed,,,https://guide.michelin.com/en/us/new-york-state/new-york/restaurants
ChIJJa93rKRZwokRPoOmc_ta6DU,?ka Ka Q?llu,0,Unstarred Michelin-listed,Unstarred Michelin-listed,,,https://guide.michelin.com/en/us/new-york-state/new-york/restaurants
ChIJKcCXHydZwokRNCwATmPZsgM,Adda,0,Unstarred Michelin-listed,Unstarred Michelin-listed,,,https://guide.michelin.com/en/us/new-york-state/new-york/restaurants
ChIJgbi06LFbwokRGr3pch2KH_A,Agi's Counter,0,Unstarred Michelin-listed,Unstarred Michelin-listed,,,https://guide.michelin.com/en/us/new-york-state/new-york/restaurants
ChIJMYIE-KlZwokRZuFHn8jkNuo,Ai Fiori,0,Unstarred Michelin-listed,Unstarred Michelin-listed,,,https://guide.michelin.com/en/us/new-york-state/new-york/restaurants
ChIJx_0o5PpZwokRrT97W5ehRn4,Al Badawi,0,Unstarred Michelin-listed,Unstarred Michelin-listed,,,https://guide.michelin.com/en/us/new-york-state/new-york/restaurants
ChIJmQ7DvBFgwokRBNJbyDc81oI,Alley 41,0,Unstarred Michelin-listed,Unstarred Michelin-listed,,,https://guide.michelin.com/en/us/new-york-state/new-york/restaurants
ChIJQ928SqRbwokRKuID55C7xFo,Alta Calidad,0,Unstarred Michelin-listed,Unstarred Michelin-listed,,,https://guide.michelin.com/en/us/new-york-state/new-york/restaurants
ChIJm3rL5YxZwokRWk_MgQ_fuAk,Altro Paradiso,0,Unstarred Michelin-listed,Unstarred Michelin-listed,,,https://guide.michelin.com/en/us/new-york-state/new-york/restaurants
ChIJA1h4NVZZwokRheUtPiYkt0g,Ammazzacaffè,0,Unstarred Michelin-listed,Unstarred Michelin-listed,,,https://guide.michelin.com/en/us/new-york-state/new-york/restaurants
ChIJhUDJFUVZwokRkNERZsyOxWo,Ariari,0,Unstarred Michelin-listed,Unstarred Michelin-listed,,,https://guide.michelin.com/en/us/new-york-state/new-york/restaurants
ChIJ2aw2iQ5gwokRDiwmsI9YhnE,Asian Jewels,0,Unstarred Michelin-listed,Unstarred Michelin-listed,,,https://guide.michelin.com/en/us/new-york-state/new-york/restaurants
ChIJLSOKsppZwokR_j81qK3aPsM,Atla,0,Unstarred Michelin-listed,Unstarred Michelin-listed,,,https://guide.michelin.com/en/us/new-york-state/new-york/restaurants
ChIJZ-xpvadZwokRGVsoX2gW38s,Atoboy,0,Unstarred Michelin-listed,Unstarred Michelin-listed,,,https://guide.michelin.com/en/us/new-york-state/new-york/restaurants
ChIJhesNT51ZwokRqIACbMxk2BQ,Avant Garden,0,Unstarred Michelin-listed,Unstarred Michelin-listed,,,https://guide.michelin.com/en/us/new-york-state/new-york/restaurants
ChIJRQqJgYVZwokRfJB16sxh1Pg,Ballato,0,Unstarred Michelin-listed,Unstarred Michelin-listed,,,https://guide.michelin.com/en/us/new-york-state/new-york/restaurants
ChIJvduhDjVZwokReg77D1pNQaQ,Bangkok Supper Club,0,Unstarred Michelin-listed,Unstarred Michelin-listed,,,https://guide.michelin.com/en/us/new-york-state/new-york/restaurants
ChIJ_WGAABL2wokRNthCl_PuyFc,Barawine,0,Unstarred Michelin-listed,Unstarred Michelin-listed,,,https://guide.michelin.com/en/us/new-york-state/new-york/restaurants
ChIJh6WuOgBZwokR8Lm6IOFKk7A,Bartolo,0,Unstarred Michelin-listed,Unstarred Michelin-listed,,,https://guide.michelin.com/en/us/new-york-state/new-york/restaurants
ChIJ_xTxLRpZwokRCIo4c-DuKMA,Bayon,0,Unstarred Michelin-listed,Unstarred Michelin-listed,,,https://guide.michelin.com/en/us/new-york-state/new-york/restaurants
ChIJ397qiflYwokRx2AOUyRXMMo,Benoit,0,Unstarred Michelin-listed,Unstarred Michelin-listed,,,https://guide.michelin.com/en/us/new-york-state/new-york/restaurants
ChIJZd1h-MBYwokR0Ek-F4_Sep8,Bohemian Spirit,0,Unstarred Michelin-listed,Unstarred Michelin-listed,,,https://guide.michelin.com/en/us/new-york-state/new-york/restaurants
ChIJbQc9ABZZwokRMAK6C-Ekxg4,Bonnie's,0,Unstarred Michelin-listed,Unstarred Michelin-listed,,,https://guide.michelin.com/en/us/new-york-state/new-york/restaurants
ChIJxUPhRABZwokRWTa40zp_N10,Bungalow,0,Unstarred Michelin-listed,Unstarred Michelin-listed,,,https://guide.michelin.com/en/us/new-york-state/new-york/restaurants
ChIJDyMGAgBZwokRggrgBWarG0o,Bánh Anh Em,0,Unstarred Michelin-listed,Unstarred Michelin-listed,,,https://guide.michelin.com/en/us/new-york-state/new-york/restaurants
ChIJx-bMHr1ZwokRd3i_y7F3VlE,C as in Charlie,0,Unstarred Michelin-listed,Unstarred Michelin-listed,,,https://guide.michelin.com/en/us/new-york-state/new-york/restaurants
ChIJpRJxMZFZwokRuAIdqebbohg,Cafe Commerce,0,Unstarred Michelin-listed,Unstarred Michelin-listed,,,https://guide.michelin.com/en/us/new-york-state/new-york/restaurants
ChIJrwTqaQBbwokRaK-iQfAWdG4,Cafe Mado,0,Unstarred Michelin-listed,Unstarred Michelin-listed,,,https://guide.michelin.com/en/us/new-york-state/new-york/restaurants
ChIJ01_9-ZdYwokR7iv7XpkKAic,Cafe Sabarsky,0,Unstarred Michelin-listed,Unstarred Michelin-listed,,,https://guide.michelin.com/en/us/new-york-state/new-york/restaurants
ChIJb7CqrvpZwokRFeC0MqXi7ys,Café Carmellini,0,Unstarred Michelin-listed,Unstarred Michelin-listed,,,https://guide.michelin.com/en/us/new-york-state/new-york/restaurants
ChIJ7c_9NlpbwokR71rsKP5tMtw,Café Kestrel,0,Unstarred Michelin-listed,Unstarred Michelin-listed,,,https://guide.michelin.com/en/us/new-york-state/new-york/restaurants
ChIJk6_emFpbwokReeza0hzar2c,Café Mars,0,Unstarred Michelin-listed,Unstarred Michelin-listed,,,https://guide.michelin.com/en/us/new-york-state/new-york/restaurants
ChIJb1yO2ZdhwokRIWlN1iszze4,Caleta 111 Cevicheria,0,Unstarred Michelin-listed,Unstarred Michelin-listed,,,https://guide.michelin.com/en/us/new-york-state/new-york/restaurants
ChIJmSvG_ZFZwokRTOFeiLXzkmA,Carbone,0,Unstarred Michelin-listed,Unstarred Michelin-listed,,,https://guide.michelin.com/en/us/new-york-state/new-york/restaurants
ChIJ95V_CVNYwokRB6Xv7wRrQZw,Cardamom,0,Unstarred Michelin-listed,Unstarred Michelin-listed,,,https://guide.michelin.com/en/us/new-york-state/new-york/restaurants
ChIJJ8hFlKFZwokRFmzhJg7Qofo,Carlotto,0,Unstarred Michelin-listed,Unstarred Michelin-listed,,,https://guide.michelin.com/en/us/new-york-state/new-york/restaurants
ChIJBaD9A0ZbwokRu6ArQW3Nj1E,Carne Mare,0,Unstarred Michelin-listed,Unstarred Michelin-listed,,,https://guide.michelin.com/en/us/new-york-state/new-york/restaurants
ChIJv4bbdSNZwokRCgKfDGF8az8,Casa Enrique,0,Unstarred Michelin-listed,Unstarred Michelin-listed,,,https://guide.michelin.com/en/us/new-york-state/new-york/restaurants
ChIJqRe1FMpbwokRQqWHvCtpSO8,Casa Ora,0,Unstarred Michelin-listed,Unstarred Michelin-listed,,,https://guide.michelin.com/en/us/new-york-state/new-york/restaurants
ChIJmQisBftYwokRQBBSSiPmF_k,Caviar Russe,0,Unstarred Michelin-listed,Unstarred Michelin-listed,,,https://guide.michelin.com/en/us/new-york-state/new-york/restaurants
ChIJp_UkrilawokRtDAS5sls7jo,Cervo's,0,Unstarred Michelin-listed,Unstarred Michelin-listed,,,https://guide.michelin.com/en/us/new-york-state/new-york/restaurants
ChIJ60WL4SZawokRpCV_pGTfb1Y,Cha Kee,0,Unstarred Michelin-listed,Unstarred Michelin-listed,,,https://guide.michelin.com/en/us/new-york-state/new-york/restaurants
ChIJhwCMNh5ZwokROomRErlMEpk,Chalong,0,Unstarred Michelin-listed,Unstarred Michelin-listed,,,https://guide.michelin.com/en/us/new-york-state/new-york/restaurants
ChIJ43KaxzxbwokRVjbWT05nZ_M,Chambers,0,Unstarred Michelin-listed,Unstarred Michelin-listed,,,https://guide.michelin.com/en/us/new-york-state/new-york/restaurants
ChIJJ5J8yJ9bwokRjpOkpYgii5k,Chavela's,0,Unstarred Michelin-listed,Unstarred Michelin-listed,,,https://guide.michelin.com/en/us/new-york-state/new-york/restaurants
ChIJn7k4jxlZwokRhDkNH9383-o,Cheli,0,Unstarred Michelin-listed,Unstarred Michelin-listed,,,https://guide.michelin.com/en/us/new-york-state/new-york/restaurants
ChIJCZ6-33tZwokRIika4HJVD-o,Chez Fifi,0,Unstarred Michelin-listed,Unstarred Michelin-listed,,,https://guide.michelin.com/en/us/new-york-state/new-york/restaurants
ChIJe94ViUFZwokRTJ3cQOMhFdI,Chez Ma Tante,0,Unstarred Michelin-listed,Unstarred Michelin-listed,,,https://guide.michelin.com/en/us/new-york-state/new-york/restaurants
ChIJVbsIFZVZwokRHGQifEDV3SU,Chick Chick,0,Unstarred Michelin-listed,Unstarred Michelin-listed,,,https://guide.michelin.com/en/us/new-york-state/new-york/restaurants
ChIJU0c2Y6lZwokRKlyc_R8HN88,Cho Dang Gol,0,Unstarred Michelin-listed,Unstarred Michelin-listed,,,https://guide.michelin.com/en/us/new-york-state/new-york/restaurants
ChIJD8V01OVYwokRkOtJNMtnBEs,Chola,0,Unstarred Michelin-listed,Unstarred Michelin-listed,,,https://guide.michelin.com/en/us/new-york-state/new-york/restaurants
ChIJrwxm-gpFwokR9f10RT15Ni8,Chuan Tian Xia,0,Unstarred Michelin-listed,Unstarred Michelin-listed,,,https://guide.michelin.com/en/us/new-york-state/new-york/restaurants
ChIJ_ci7bvdZwokRsL4rlCOqsMk,Ci Siamo,0,Unstarred Michelin-listed,Unstarred Michelin-listed,,,https://guide.michelin.com/en/us/new-york-state/new-york/restaurants
ChIJWRt4WAtZwokRDRClJ45Ohzg,Claud,0,Unstarred Michelin-listed,Unstarred Michelin-listed,,,https://guide.michelin.com/en/us/new-york-state/new-york/restaurants
ChIJ47moWdBZwokR2Ud_ilXR05E,Comal,0,Unstarred Michelin-listed,Unstarred Michelin-listed,,,https://guide.michelin.com/en/us/new-york-state/new-york/restaurants
ChIJp-hnIhNZwokRq1FijMduZrM,Coqodaq,0,Unstarred Michelin-listed,Unstarred Michelin-listed,,,https://guide.michelin.com/en/us/new-york-state/new-york/restaurants
ChIJT-gYZKFZwokR7O8LLYuYMjU,Cosme,0,Unstarred Michelin-listed,Unstarred Michelin-listed,,,https://guide.michelin.com/en/us/new-york-state/new-york/restaurants
ChIJ-yUjn9JZwokR7Cq1cegFzZU,Covacha,0,Unstarred Michelin-listed,Unstarred Michelin-listed,,,https://guide.michelin.com/en/us/new-york-state/new-york/restaurants
ChIJQZCdItFZwokR81gO5l3lMKc,Crane Club,0,Unstarred Michelin-listed,Unstarred Michelin-listed,,,https://guide.michelin.com/en/us/new-york-state/new-york/restaurants
ChIJ94LFiGZZwokRWfbAft9eBNo,Crevette,0,Unstarred Michelin-listed,Unstarred Michelin-listed,,,https://guide.michelin.com/en/us/new-york-state/new-york/restaurants
ChIJS0y1_oJYwokRp1XiiN58wKA,Dagon,0,Unstarred Michelin-listed,Unstarred Michelin-listed,,,https://guide.michelin.com/en/us/new-york-state/new-york/restaurants
ChIJU3gRuXpZwokRihNyTYLnc1g,Dame,0,Unstarred Michelin-listed,Unstarred Michelin-listed,,,https://guide.michelin.com/en/us/new-york-state/new-york/restaurants
ChIJhdx5XYZbwokRiPjDzj6xOQA,Daphne's,0,Unstarred Michelin-listed,Unstarred Michelin-listed,,,https://guide.michelin.com/en/us/new-york-state/new-york/restaurants
ChIJJyPbJe1ZwokRu8dDEOqAYDc,Dhamaka,0,Unstarred Michelin-listed,Unstarred Michelin-listed,,,https://guide.michelin.com/en/us/new-york-state/new-york/restaurants
ChIJBQwbiCZawokRak_8KefFP7M,Dim Sum Go Go,0,Unstarred Michelin-listed,Unstarred Michelin-listed,,,https://guide.michelin.com/en/us/new-york-state/new-york/restaurants
ChIJfxC19JVZwokRX2uKgQAL17c,Don Angie,0,Unstarred Michelin-listed,Unstarred Michelin-listed,,,https://guide.michelin.com/en/us/new-york-state/new-york/restaurants
ChIJ0RWk_A5ZwokR-QEzcuKdpP4,Don Antonio,0,Unstarred Michelin-listed,Unstarred Michelin-listed,,,https://guide.michelin.com/en/us/new-york-state/new-york/restaurants
ChIJoeTbP6hZwokR9N--sbudnCM,Dons Bogam,0,Unstarred Michelin-listed,Unstarred Michelin-listed,,,https://guide.michelin.com/en/us/new-york-state/new-york/restaurants
ChIJFdppi6GNwokRniWwhWXgovg,Dubrovnik,0,Unstarred Michelin-listed,Unstarred Michelin-listed,,,https://guide.michelin.com/en/us/new-york-state/new-york/restaurants
ChIJZVJwHU9FwokRBuD4swvPWjY,East Harbor Seafood Palace,0,Unstarred Michelin-listed,Unstarred Michelin-listed,,,https://guide.michelin.com/en/us/new-york-state/new-york/restaurants
ChIJs2_eoNBZwokR774H9Y29ANg,El Fish Marisqueria,0,Unstarred Michelin-listed,Unstarred Michelin-listed,,,https://guide.michelin.com/en/us/new-york-state/new-york/restaurants
ChIJk84XGIRYwokRGrW8KFlR2_g,Eléa,0,Unstarred Michelin-listed,Unstarred Michelin-listed,,,https://guide.michelin.com/en/us/new-york-state/new-york/restaurants
ChIJ4aU3LC1OwokR44RNlSuxCjM,Enoteca Maria,0,Unstarred Michelin-listed,Unstarred Michelin-listed,,,https://guide.michelin.com/en/us/new-york-state/new-york/restaurants
ChIJHSJ36dxZwokR6p8zakiCSRA,Enso,0,Unstarred Michelin-listed,Unstarred Michelin-listed,,,https://guide.michelin.com/en/us/new-york-state/new-york/restaurants
ChIJyaTH_pRbwokRp4SVDyxdALw,Ernesto's,0,Unstarred Michelin-listed,Unstarred Michelin-listed,,,https://guide.michelin.com/en/us/new-york-state/new-york/restaurants
ChIJNUy-BJpZwokReQu-xGJe9lI,Eulalie,0,Unstarred Michelin-listed,Unstarred Michelin-listed,,,https://guide.michelin.com/en/us/new-york-state/new-york/restaurants
ChIJYw5z8rhbwokRvlPiJa21fuI,Farra,0,Unstarred Michelin-listed,Unstarred Michelin-listed,,,https://guide.michelin.com/en/us/new-york-state/new-york/restaurants
ChIJQdPMK0JZwokRkq4DcvtSraA,Fasano,0,Unstarred Michelin-listed,Unstarred Michelin-listed,,,https://guide.michelin.com/en/us/new-york-state/new-york/restaurants
ChIJh0UvcqhbwokRSLfJGK9kNDg,Fausto,0,Unstarred Michelin-listed,Unstarred Michelin-listed,,,https://guide.michelin.com/en/us/new-york-state/new-york/restaurants
ChIJ6Xa02cFZwokRv_5HQ3fHoHk,Forsythia,0,Unstarred Michelin-listed,Unstarred Michelin-listed,,,https://guide.michelin.com/en/us/new-york-state/new-york/restaurants
ChIJjybX-nVZwokRbnwwPvjMw4o,Four Twenty Five,0,Unstarred Michelin-listed,Unstarred Michelin-listed,,,https://guide.michelin.com/en/us/new-york-state/new-york/restaurants
ChIJwZz-LWlbwokR_hshOuzdrkw,Gage & Tollner,0,Unstarred Michelin-listed,Unstarred Michelin-listed,,,https://guide.michelin.com/en/us/new-york-state/new-york/restaurants
ChIJFQ55zVdYwokRUyAEIvUGfHw,Gallaghers,0,Unstarred Michelin-listed,Unstarred Michelin-listed,,,https://guide.michelin.com/en/us/new-york-state/new-york/restaurants
ChIJP1f9kMNZwokRYE4hg0tw_CE,Genesis House Restaurant,0,Unstarred Michelin-listed,Unstarred Michelin-listed,,,https://guide.michelin.com/en/us/new-york-state/new-york/restaurants
ChIJGfdZtJdbwokREUPcjASYSr4,Glin Thai Bistro,0,Unstarred Michelin-listed,Unstarred Michelin-listed,,,https://guide.michelin.com/en/us/new-york-state/new-york/restaurants
ChIJ4ahOydVYwokR7cBu4R_8BXo,Gordo's Cantina,0,Unstarred Michelin-listed,Unstarred Michelin-listed,,,https://guide.michelin.com/en/us/new-york-state/new-york/restaurants
ChIJp77YbQBZwokRtrv7Pca_IJE,Gui,0,Unstarred Michelin-listed,Unstarred Michelin-listed,,,https://guide.michelin.com/en/us/new-york-state/new-york/restaurants
ChIJTb3cUH1bwokRqVj5vctMMXs,Gus's Chop House,0,Unstarred Michelin-listed,Unstarred Michelin-listed,,,https://guide.michelin.com/en/us/new-york-state/new-york/restaurants
ChIJp0ha1dFZwokRK9WxgN9HVuY,HAGS,0,Unstarred Michelin-listed,Unstarred Michelin-listed,,,https://guide.michelin.com/en/us/new-york-state/new-york/restaurants
ChIJVVXpcQBbwokRtKzSlyOoW1Y,Haenyeo,0,Unstarred Michelin-listed,Unstarred Michelin-listed,,,https://guide.michelin.com/en/us/new-york-state/new-york/restaurants
ChIJtSk6aqhZwokRAA7X1yq7onk,HanGawi,0,Unstarred Michelin-listed,Unstarred Michelin-listed,,,https://guide.michelin.com/en/us/new-york-state/new-york/restaurants
ChIJhYcE0JlbwokRVjovgUYR65M,Hart's,0,Unstarred Michelin-listed,Unstarred Michelin-listed,,,https://guide.michelin.com/en/us/new-york-state/new-york/restaurants
ChIJkzm4uVZZwokRpH8jUC56Ry4,Hav & Mar,0,Unstarred Michelin-listed,Unstarred Michelin-listed,,,https://guide.michelin.com/en/us/new-york-state/new-york/restaurants
ChIJ0VWwJI9awokRoiFWFqYZMQ8,Hometown Bar B Que New York,0,Unstarred Michelin-listed,Unstarred Michelin-listed,,,https://guide.michelin.com/en/us/new-york-state/new-york/restaurants
ChIJMRzjDuVbwokRXPeo4rKGGjQ,Hungry Thirsty,0,Unstarred Michelin-listed,Unstarred Michelin-listed,,,https://guide.michelin.com/en/us/new-york-state/new-york/restaurants
ChIJkzwxb_VZwokRCQbOg1hggOw,Hupo,0,Unstarred Michelin-listed,Unstarred Michelin-listed,,,https://guide.michelin.com/en/us/new-york-state/new-york/restaurants
ChIJjV-YTgBZwokRVeWJgF_z7eE,Hyderabadi Zaiqa,0,Unstarred Michelin-listed,Unstarred Michelin-listed,,,https://guide.michelin.com/en/us/new-york-state/new-york/restaurants
ChIJyVx4cR9ZwokRjVpmK-TnpM0,Hyun,0,Unstarred Michelin-listed,Unstarred Michelin-listed,,,https://guide.michelin.com/en/us/new-york-state/new-york/restaurants
ChIJK2mBYJNZwokRIT4oANQ6OFY,I Sodi,0,Unstarred Michelin-listed,Unstarred Michelin-listed,,,https://guide.michelin.com/en/us/new-york-state/new-york/restaurants
ChIJCf-UC1FZwokRyrUzaZicgc8,II Fiorista,0,Unstarred Michelin-listed,Unstarred Michelin-listed,,,https://guide.michelin.com/en/us/new-york-state/new-york/restaurants
ChIJHZyajD1ZwokREWLihHYSryQ,ILIS,0,Unstarred Michelin-listed,Unstarred Michelin-listed,,,https://guide.michelin.com/en/us/new-york-state/new-york/restaurants
ChIJP6l_znFbwokRpT1_G9i2i_Y,Inga's Bar,0,Unstarred Michelin-listed,Unstarred Michelin-listed,,,https://guide.michelin.com/en/us/new-york-state/new-york/restaurants
ChIJOdxhoDtZwokRSgA_ZpTUuhg,Ishq,0,Unstarred Michelin-listed,Unstarred Michelin-listed,,,https://guide.michelin.com/en/us/new-york-state/new-york/restaurants
ChIJiW_7kM9bwokR9qMrG4XITL8,Ito,0,Unstarred Michelin-listed,Unstarred Michelin-listed,,,https://guide.michelin.com/en/us/new-york-state/new-york/restaurants
ChIJreEXi4FZwokR_ygs7wh2fTk,Ivan Ramen,0,Unstarred Michelin-listed,Unstarred Michelin-listed,,,https://guide.michelin.com/en/us/new-york-state/new-york/restaurants
ChIJ14y5HwNZwokRrNpTpUqpB7Q,Izakaya Futago,0,Unstarred Michelin-listed,Unstarred Michelin-listed,,,https://guide.michelin.com/en/us/new-york-state/new-york/restaurants
ChIJORutA8BYwokR6obC5YpaamM,J.G. Melon,0,Unstarred Michelin-listed,Unstarred Michelin-listed,,,https://guide.michelin.com/en/us/new-york-state/new-york/restaurants
ChIJg0ZHaSRZwokRHymWtw9gKJk,Jiang Nan,0,Unstarred Michelin-listed,Unstarred Michelin-listed,,,https://guide.michelin.com/en/us/new-york-state/new-york/restaurants
ChIJI9k11O5YwokRJXZKb8r3CoQ,JoJo,0,Unstarred Michelin-listed,Unstarred Michelin-listed,,,https://guide.michelin.com/en/us/new-york-state/new-york/restaurants
ChIJD4wsQaRZwokRQIswTkF3YIc,Junoon,0,Unstarred Michelin-listed,Unstarred Michelin-listed,,,https://guide.michelin.com/en/us/new-york-state/new-york/restaurants
ChIJyflTcS1ZwokRBWTy8tCgaDM,Jupiter,0,Unstarred Michelin-listed,Unstarred Michelin-listed,,,https://guide.michelin.com/en/us/new-york-state/new-york/restaurants
ChIJz0Bt0ldZwokR698-eT0Dh88,KRU,0,Unstarred Michelin-listed,Unstarred Michelin-listed,,,https://guide.michelin.com/en/us/new-york-state/new-york/restaurants
ChIJ685zLlZZwokRiEoiYj-Iyvg,Kabawa,0,Unstarred Michelin-listed,Unstarred Michelin-listed,,,https://guide.michelin.com/en/us/new-york-state/new-york/restaurants
ChIJQzryKJxZwokRYH9Qt5wh3ZY,Kanoyama,0,Unstarred Michelin-listed,Unstarred Michelin-listed,,,https://guide.michelin.com/en/us/new-york-state/new-york/restaurants
ChIJKbKvOwBZwokRE3mEbmx_F6g,Kanyakumari,0,Unstarred Michelin-listed,Unstarred Michelin-listed,,,https://guide.michelin.com/en/us/new-york-state/new-york/restaurants
ChIJCar0f49ZwokR6ozLV-dHNTE,Katz's,0,Unstarred Michelin-listed,Unstarred Michelin-listed,,,https://guide.michelin.com/en/us/new-york-state/new-york/restaurants
ChIJN-Kpvb9ZwokRNJQ-Y-_St7M,Kebab aur Sharab,0,Unstarred Michelin-listed,Unstarred Michelin-listed,,,https://guide.michelin.com/en/us/new-york-state/new-york/restaurants
ChIJmy2pnY1ZwokRvWDMouRmdl4,King,0,Unstarred Michelin-listed,Unstarred Michelin-listed,,,https://guide.michelin.com/en/us/new-york-state/new-york/restaurants
ChIJ5fW8U5ZZwokRlk_uZ6uLlgg,Kubeh,0,Unstarred Michelin-listed,Unstarred Michelin-listed,,,https://guide.michelin.com/en/us/new-york-state/new-york/restaurants
ChIJT9pRklZYwokRDwIZonSnPjs,Kung Fu Little Steamed Buns Ramen,0,Unstarred Michelin-listed,Unstarred Michelin-listed,,,https://guide.michelin.com/en/us/new-york-state/new-york/restaurants
ChIJq6pu4qJZwokRARFMcQsmd6Y,Kyma,0,Unstarred Michelin-listed,Unstarred Michelin-listed,,,https://guide.michelin.com/en/us/new-york-state/new-york/restaurants
ChIJkdKgqjBZwokRe0eoeX7X9Xg,L'Abeille à Côté,0,Unstarred Michelin-listed,Unstarred Michelin-listed,,,https://guide.michelin.com/en/us/new-york-state/new-york/restaurants
ChIJl2K8TWdbwokRVLXghh72lXs,LORE,0,Unstarred Michelin-listed,Unstarred Michelin-listed,,,https://guide.michelin.com/en/us/new-york-state/new-york/restaurants
ChIJd4gIXTlZwokR1A8bEjuem20,La Devozione: The Oval,0,Unstarred Michelin-listed,Unstarred Michelin-listed,,,https://guide.michelin.com/en/us/new-york-state/new-york/restaurants
ChIJzRCbxRVZwokRDAzYpDpbyG4,La Dong,0,Unstarred Michelin-listed,Unstarred Michelin-listed,,,https://guide.michelin.com/en/us/new-york-state/new-york/restaurants
ChIJ22wiSIpZwokRUmlXovJnWDI,La Mercerie,0,Unstarred Michelin-listed,Unstarred Michelin-listed,,,https://guide.michelin.com/en/us/new-york-state/new-york/restaurants
ChIJsTUVzgBZwokRkUIgGFl_RJc,La Tête d'Or,0,Unstarred Michelin-listed,Unstarred Michelin-listed,,,https://guide.michelin.com/en/us/new-york-state/new-york/restaurants
ChIJVT21BE9awokR_TVyGHmHvtU,La Vara,0,Unstarred Michelin-listed,Unstarred Michelin-listed,,,https://guide.michelin.com/en/us/new-york-state/new-york/restaurants
ChIJ03HMlbRPwokR4dG6Dhon-A4,Lakruwana,0,Unstarred Michelin-listed,Unstarred Michelin-listed,,,https://guide.michelin.com/en/us/new-york-state/new-york/restaurants
ChIJr15tlpJZwokRG4lyRntq3cw,Laliko,0,Unstarred Michelin-listed,Unstarred Michelin-listed,,,https://guide.michelin.com/en/us/new-york-state/new-york/restaurants
ChIJLyS5dYRZwokRlkA0g9eijjs,Laser Wolf,0,Unstarred Michelin-listed,Unstarred Michelin-listed,,,https://guide.michelin.com/en/us/new-york-state/new-york/restaurants
ChIJExJQMsdZwokR7a48kYV6EMg,Le B,0,Unstarred Michelin-listed,Unstarred Michelin-listed,,,https://guide.michelin.com/en/us/new-york-state/new-york/restaurants
ChIJicZ4uJNZwokR_iq6h-BM3F0,Le Gigot,0,Unstarred Michelin-listed,Unstarred Michelin-listed,,,https://guide.michelin.com/en/us/new-york-state/new-york/restaurants
ChIJKdcKCelZwokRdFHp3hzUKok,Le Jardinier New York,0,Unstarred Michelin-listed,Unstarred Michelin-listed,,,https://guide.michelin.com/en/us/new-york-state/new-york/restaurants
ChIJNbTIf5BZwokRjbkuTrLZVB4,Le Rock,0,Unstarred Michelin-listed,Unstarred Michelin-listed,,,https://guide.michelin.com/en/us/new-york-state/new-york/restaurants
ChIJ8ccTf-9YwokRMrljca_idL0,Le Veau d'Or,0,Unstarred Michelin-listed,Unstarred Michelin-listed,,,https://guide.michelin.com/en/us/new-york-state/new-york/restaurants
ChIJRUDshWKKwokRKEDd6H2RAmE,Legend of Taste,0,Unstarred Michelin-listed,Unstarred Michelin-listed,,,https://guide.michelin.com/en/us/new-york-state/new-york/restaurants
ChIJX97UMwBbwokRIFRlD1YzSRc,Lei,0,Unstarred Michelin-listed,Unstarred Michelin-listed,,,https://guide.michelin.com/en/us/new-york-state/new-york/restaurants
ChIJPWi-ugVZwokRLBGafASWP6s,Lingo,0,Unstarred Michelin-listed,Unstarred Michelin-listed,,,https://guide.michelin.com/en/us/new-york-state/new-york/restaurants
ChIJN4jAggZZwokRQ38qpXSjGGQ,Little Alley,0,Unstarred Michelin-listed,Unstarred Michelin-listed,,,https://guide.michelin.com/en/us/new-york-state/new-york/restaurants
ChIJpT0hlqtZwokRYQqPEQPFhBo,Little Myanmar,0,Unstarred Michelin-listed,Unstarred Michelin-listed,,,https://guide.michelin.com/en/us/new-york-state/new-york/restaurants
ChIJO3lUXPtYwokRHcU_YPcKvcY,Lobster Club,0,Unstarred Michelin-listed,Unstarred Michelin-listed,,,https://guide.michelin.com/en/us/new-york-state/new-york/restaurants
ChIJ-XcRtjdZwokRMcgZdhVjqYg,Lord's,0,Unstarred Michelin-listed,Unstarred Michelin-listed,,,https://guide.michelin.com/en/us/new-york-state/new-york/restaurants
ChIJ69NaKJdZwokR3CamunXyYig,Loring Place,0,Unstarred Michelin-listed,Unstarred Michelin-listed,,,https://guide.michelin.com/en/us/new-york-state/new-york/restaurants
ChIJsedB_edYwokRrxhc0jZb_Mk,Lungi,0,Unstarred Michelin-listed,Unstarred Michelin-listed,,,https://guide.michelin.com/en/us/new-york-state/new-york/restaurants
ChIJ2VQUARFZwokRjSMEcK4rT1s,Ly Ly Vietnam Cookhouse,0,Unstarred Michelin-listed,Unstarred Michelin-listed,,,https://guide.michelin.com/en/us/new-york-state/new-york/restaurants
ChIJAVTGb3pZwokRmKrpkrTn1NY,Madre,0,Unstarred Michelin-listed,Unstarred Michelin-listed,,,https://guide.michelin.com/en/us/new-york-state/new-york/restaurants
ChIJTQ0bJiJbwokRIjq-0C-madM,Maison Passerelle,0,Unstarred Michelin-listed,Unstarred Michelin-listed,,,https://guide.michelin.com/en/us/new-york-state/new-york/restaurants
ChIJ43dNliVbwokR-PyxKlkJOXc,Mango Bay,0,Unstarred Michelin-listed,Unstarred Michelin-listed,,,https://guide.michelin.com/en/us/new-york-state/new-york/restaurants
ChIJoTXWl8dbwokRpKA2BJFVsGA,Manhatta,0,Unstarred Michelin-listed,Unstarred Michelin-listed,,,https://guide.michelin.com/en/us/new-york-state/new-york/restaurants
ChIJvWSDS_ZYwokRiG9D395loxo,Marea,0,Unstarred Michelin-listed,Unstarred Michelin-listed,,,https://guide.michelin.com/en/us/new-york-state/new-york/restaurants
ChIJ64RnV16NwokRtRsZaZbZzRw,Maria Restaurant,0,Unstarred Michelin-listed,Unstarred Michelin-listed,,,https://guide.michelin.com/en/us/new-york-state/new-york/restaurants
ChIJNdS6kwVZwokRxFgqKTkyYuk,Markette,0,Unstarred Michelin-listed,Unstarred Michelin-listed,,,https://guide.michelin.com/en/us/new-york-state/new-york/restaurants
ChIJgbgBJY9ZwokR3XVwPBX8n7A,Massara,0,Unstarred Michelin-listed,Unstarred Michelin-listed,,,https://guide.michelin.com/en/us/new-york-state/new-york/restaurants
ChIJjw0jcKJZwokRrqj91_P25w8,MayRee,0,Unstarred Michelin-listed,Unstarred Michelin-listed,,,https://guide.michelin.com/en/us/new-york-state/new-york/restaurants
ChIJ63L1ISRZwokRyEGTzZ0gAZM,Ma•dé,0,Unstarred Michelin-listed,Unstarred Michelin-listed,,,https://guide.michelin.com/en/us/new-york-state/new-york/restaurants
ChIJwXUoA99bwokRU2bF-gdB25I,Meadowsweet,0,Unstarred Michelin-listed,Unstarred Michelin-listed,,,https://guide.michelin.com/en/us/new-york-state/new-york/restaurants
ChIJ0-KySwBZwokROY0ex-BEQrc,Melba's,0,Unstarred Michelin-listed,Unstarred Michelin-listed,,,https://guide.michelin.com/en/us/new-york-state/new-york/restaurants
ChIJv9ZXILdbwokRkAUmIvX8CvM,Mesiba,0,Unstarred Michelin-listed,Unstarred Michelin-listed,,,https://guide.michelin.com/en/us/new-york-state/new-york/restaurants
ChIJLb9vlE1awokRL4Ume5zpejQ,Mile End,0,Unstarred Michelin-listed,Unstarred Michelin-listed,,,https://guide.michelin.com/en/us/new-york-state/new-york/restaurants
ChIJeQcZlpFZwokRjoemq-_w9QA,Minetta Tavern,0,Unstarred Michelin-listed,Unstarred Michelin-listed,,,https://guide.michelin.com/en/us/new-york-state/new-york/restaurants
ChIJqzhkS7dbwokRtGCdHcorPvU,Miss Ada,0,Unstarred Michelin-listed,Unstarred Michelin-listed,,,https://guide.michelin.com/en/us/new-york-state/new-york/restaurants
ChIJz8asT51ZwokRhNF8JQzaLqQ,Miss Lily's,0,Unstarred Michelin-listed,Unstarred Michelin-listed,,,https://guide.michelin.com/en/us/new-york-state/new-york/restaurants
ChIJMy2SSj32wokRYJFmKli4HvA,Miss Mamie's Spoonbread Too,0,Unstarred Michelin-listed,Unstarred Michelin-listed,,,https://guide.michelin.com/en/us/new-york-state/new-york/restaurants
ChIJixS5XaJZwokR1hrG2VpP1No,Mission Ceviche,0,Unstarred Michelin-listed,Unstarred Michelin-listed,,,https://guide.michelin.com/en/us/new-york-state/new-york/restaurants
ChIJkXQ3_INZwokRE74ZvG46Jjc,Momofuku Noodle Bar,0,Unstarred Michelin-listed,Unstarred Michelin-listed,,,https://guide.michelin.com/en/us/new-york-state/new-york/restaurants
ChIJGUJaVtVZwokR3VU_JU2pedg,Moody Tongue Sushi,0,Unstarred Michelin-listed,Unstarred Michelin-listed,,,https://guide.michelin.com/en/us/new-york-state/new-york/restaurants
ChIJaWBLA_pZwokRX2BYIIr6rwE,Moono,0,Unstarred Michelin-listed,Unstarred Michelin-listed,,,https://guide.michelin.com/en/us/new-york-state/new-york/restaurants
ChIJM2NCGJ1ZwokRA2nCkZcz08g,MáLà Project,0,Unstarred Michelin-listed,Unstarred Michelin-listed,,,https://guide.michelin.com/en/us/new-york-state/new-york/restaurants
ChIJcfbyqFNZwokRUoBP92II4c0,Nami Nori,0,Unstarred Michelin-listed,Unstarred Michelin-listed,,,https://guide.michelin.com/en/us/new-york-state/new-york/restaurants
ChIJ7VOxKVBFwokRO4Zf1ESGNAE,Neta Shari,0,Unstarred Michelin-listed,Unstarred Michelin-listed,,,https://guide.michelin.com/en/us/new-york-state/new-york/restaurants
ChIJPzFYF51ZwokRbAQY59WDJUE,Noreetuh,0,Unstarred Michelin-listed,Unstarred Michelin-listed,,,https://guide.michelin.com/en/us/new-york-state/new-york/restaurants
ChIJbwHIighZwokRbdADB-4Hzd8,Norma Gastronomia Siciliana,0,Unstarred Michelin-listed,Unstarred Michelin-listed,,,https://guide.michelin.com/en/us/new-york-state/new-york/restaurants
ChIJQQwA46BZwokRSK41tPIemGA,Novitá,0,Unstarred Michelin-listed,Unstarred Michelin-listed,,,https://guide.michelin.com/en/us/new-york-state/new-york/restaurants
ChIJ5Qa2Xu9ZwokRIyvK1rhdwgw,Nudibranch,0,Unstarred Michelin-listed,Unstarred Michelin-listed,,,https://guide.michelin.com/en/us/new-york-state/new-york/restaurants
ChIJ0VKRSIhZwokRdCKH7vdxs2o,Nyonya,0,Unstarred Michelin-listed,Unstarred Michelin-listed,,,https://guide.michelin.com/en/us/new-york-state/new-york/restaurants
ChIJq7G-HTtZwokRkQvXiYeiuco,Oceans,0,Unstarred Michelin-listed,Unstarred Michelin-listed,,,https://guide.michelin.com/en/us/new-york-state/new-york/restaurants
ChIJo5Z8DuZZwokR0VamSWa1LwE,Octo,0,Unstarred Michelin-listed,Unstarred Michelin-listed,,,https://guide.michelin.com/en/us/new-york-state/new-york/restaurants
ChIJA4qq2sNZwokRYPPHJ7jwTAc,Odre,0,Unstarred Michelin-listed,Unstarred Michelin-listed,,,https://guide.michelin.com/en/us/new-york-state/new-york/restaurants
ChIJIYMm9JldwokR3JTojl_rf8A,Olmo,0,Unstarred Michelin-listed,Unstarred Michelin-listed,,,https://guide.michelin.com/en/us/new-york-state/new-york/restaurants
ChIJISXTwWJZwokRIok4xyMeb6g,One White Street,0,Unstarred Michelin-listed,Unstarred Michelin-listed,,,https://guide.michelin.com/en/us/new-york-state/new-york/restaurants
ChIJmxNuRpVYwokRHEkGRQ_trfc,Orsay,0,Unstarred Michelin-listed,Unstarred Michelin-listed,,,https://guide.michelin.com/en/us/new-york-state/new-york/restaurants
ChIJuYwVAmX2wokRTnBiQLDD6us,Oso,0,Unstarred Michelin-listed,Unstarred Michelin-listed,,,https://guide.michelin.com/en/us/new-york-state/new-york/restaurants
ChIJ05xWLABZwokRKCsPbbMahzo,Papa San,0,Unstarred Michelin-listed,Unstarred Michelin-listed,,,https://guide.michelin.com/en/us/new-york-state/new-york/restaurants
ChIJl4SyfAlZwokRH9jp28Mfb1g,Patricia's,0,Unstarred Michelin-listed,Unstarred Michelin-listed,,,https://guide.michelin.com/en/us/new-york-state/new-york/restaurants
ChIJ9-oPPZNZwokR9XwT635xClU,Peak,0,Unstarred Michelin-listed,Unstarred Michelin-listed,,,https://guide.michelin.com/en/us/new-york-state/new-york/restaurants
ChIJIwaq1P5ZwokRmGG4WafDScw,Penny,0,Unstarred Michelin-listed,Unstarred Michelin-listed,,,https://guide.michelin.com/en/us/new-york-state/new-york/restaurants
ChIJ5ckmp3JZwokRYISySgjWO7k,Peppercorn Station,0,Unstarred Michelin-listed,Unstarred Michelin-listed,,,https://guide.michelin.com/en/us/new-york-state/new-york/restaurants
ChIJ68H4QMBYwokR42l6M4OIUCM,Persepolis,0,Unstarred Michelin-listed,Unstarred Michelin-listed,,,https://guide.michelin.com/en/us/new-york-state/new-york/restaurants
ChIJR_bK295bwokR8gM6QgEdmkY,Peter Luger,0,Unstarred Michelin-listed,Unstarred Michelin-listed,,,https://guide.michelin.com/en/us/new-york-state/new-york/restaurants
ChIJidFNLAdfwokRDaE9PudSm7Q,Phayul,0,Unstarred Michelin-listed,Unstarred Michelin-listed,,,https://guide.michelin.com/en/us/new-york-state/new-york/restaurants
ChIJl-l0rSdZwokReqiZ7S2yx0A,Pierozek,0,Unstarred Michelin-listed,Unstarred Michelin-listed,,,https://guide.michelin.com/en/us/new-york-state/new-york/restaurants
ChIJN2iOxo1ZwokRIMdxk2LDHmM,Pinch Chinese,0,Unstarred Michelin-listed,Unstarred Michelin-listed,,,https://guide.michelin.com/en/us/new-york-state/new-york/restaurants
ChIJtx7ymGVbwokRzDZBJ8NVJz0,Place des Fêtes,0,Unstarred Michelin-listed,Unstarred Michelin-listed,,,https://guide.michelin.com/en/us/new-york-state/new-york/restaurants
ChIJ-TuoLitZwokRgQRHmUGEgyY,Portale,0,Unstarred Michelin-listed,Unstarred Michelin-listed,,,https://guide.michelin.com/en/us/new-york-state/new-york/restaurants
ChIJ7yN3d6tZwokRATR9U3lAqLg,Potluck Club,0,Unstarred Michelin-listed,Unstarred Michelin-listed,,,https://guide.michelin.com/en/us/new-york-state/new-york/restaurants
ChIJeWk_ncJZwokR1QHfApa0dQo,Pranakhon,0,Unstarred Michelin-listed,Unstarred Michelin-listed,,,https://guide.michelin.com/en/us/new-york-state/new-york/restaurants
ChIJfZrQSJ1ZwokREBcOmNf9lew,Pylos,0,Unstarred Michelin-listed,Unstarred Michelin-listed,,,https://guide.michelin.com/en/us/new-york-state/new-york/restaurants
ChIJmfa2wdVZwokRQhZSfY9P4p0,R40,0,Unstarred Michelin-listed,Unstarred Michelin-listed,,,https://guide.michelin.com/en/us/new-york-state/new-york/restaurants
ChIJJU-UWk1ZwokRklDKrZ_9EZE,Raf's,0,Unstarred Michelin-listed,Unstarred Michelin-listed,,,https://guide.michelin.com/en/us/new-york-state/new-york/restaurants
ChIJBUwsto1ZwokRsW3Dy0Y1cO0,Raoul's,0,Unstarred Michelin-listed,Unstarred Michelin-listed,,,https://guide.michelin.com/en/us/new-york-state/new-york/restaurants
ChIJv0LelZRbwokRrUvqWn_7o98,Red Hook Tavern,0,Unstarred Michelin-listed,Unstarred Michelin-listed,,,https://guide.michelin.com/en/us/new-york-state/new-york/restaurants
ChIJi4KXPNdZwokRXc8e60p0670,Red Paper Clip,0,Unstarred Michelin-listed,Unstarred Michelin-listed,,,https://guide.michelin.com/en/us/new-york-state/new-york/restaurants
ChIJBb-QzRRbwokRk_PoI4uduws,Risbo,0,Unstarred Michelin-listed,Unstarred Michelin-listed,,,https://guide.michelin.com/en/us/new-york-state/new-york/restaurants
ChIJWV3KRQBZwokRZlT-Om1I_1E,Roberta's,0,Unstarred Michelin-listed,Unstarred Michelin-listed,,,https://guide.michelin.com/en/us/new-york-state/new-york/restaurants
ChIJWUhoPQhdwokRYsDwo5qMnMU,Rolo's,0,Unstarred Michelin-listed,Unstarred Michelin-listed,,,https://guide.michelin.com/en/us/new-york-state/new-york/restaurants
ChIJlxis48RZwokRCkdW3UJz00I,Rose Marie,0,Unstarred Michelin-listed,Unstarred Michelin-listed,,,https://guide.michelin.com/en/us/new-york-state/new-york/restaurants
ChIJj_wLYalZwokRULTcqVFlZlg,Rosella,0,Unstarred Michelin-listed,Unstarred Michelin-listed,,,https://guide.michelin.com/en/us/new-york-state/new-york/restaurants
ChIJHfvtRp1ZwokREpFE8Z1BEKs,Ruffian,0,Unstarred Michelin-listed,Unstarred Michelin-listed,,,https://guide.michelin.com/en/us/new-york-state/new-york/restaurants
ChIJNUFRnFVawokRYrq3moc2q6U,Runner & Stone,0,Unstarred Michelin-listed,Unstarred Michelin-listed,,,https://guide.michelin.com/en/us/new-york-state/new-york/restaurants
ChIJa7TQMZFbwokRjivvo3SFNDQ,Runner Up,0,Unstarred Michelin-listed,Unstarred Michelin-listed,,,https://guide.michelin.com/en/us/new-york-state/new-york/restaurants
ChIJ53yq2oZZwokRqIHSP4qZT3o,Russ & Daughters Café,0,Unstarred Michelin-listed,Unstarred Michelin-listed,,,https://guide.michelin.com/en/us/new-york-state/new-york/restaurants
ChIJUU0Hd95fwokR3tAJqfPpDvs,SaRanRom Thai,0,Unstarred Michelin-listed,Unstarred Michelin-listed,,,https://guide.michelin.com/en/us/new-york-state/new-york/restaurants
ChIJ2xcAfQFbwokRSBBCp0svARQ,Sailor,0,Unstarred Michelin-listed,Unstarred Michelin-listed,,,https://guide.michelin.com/en/us/new-york-state/new-york/restaurants
ChIJC_-pxFdbwokRuPw-9HZucGA,Saint Julivert Fisherie,0,Unstarred Michelin-listed,Unstarred Michelin-listed,,,https://guide.michelin.com/en/us/new-york-state/new-york/restaurants
ChIJUTD-vEFbwokRhahGeJOPB2Q,Sal Tang's,0,Unstarred Michelin-listed,Unstarred Michelin-listed,,,https://guide.michelin.com/en/us/new-york-state/new-york/restaurants
ChIJRbqLkqFZwokR3E6d0zDKAko,Sami & Susu,0,Unstarred Michelin-listed,Unstarred Michelin-listed,,,https://guide.michelin.com/en/us/new-york-state/new-york/restaurants
ChIJOdF5EgBZwokRP9RWtr5XA-g,Santi,0,Unstarred Michelin-listed,Unstarred Michelin-listed,,,https://guide.michelin.com/en/us/new-york-state/new-york/restaurants
ChIJD87O1YJbwokR6lRmQ6nsIfU,Sawa,0,Unstarred Michelin-listed,Unstarred Michelin-listed,,,https://guide.michelin.com/en/us/new-york-state/new-york/restaurants
ChIJ8-YKf4JZwokR8E9EvXIGnhI,Secchu Yokota,0,Unstarred Michelin-listed,Unstarred Michelin-listed,,,https://guide.michelin.com/en/us/new-york-state/new-york/restaurants
ChIJH58NSAlZwokR9108aaP8cy8,See No Evil Pizza,0,Unstarred Michelin-listed,Unstarred Michelin-listed,,,https://guide.michelin.com/en/us/new-york-state/new-york/restaurants
ChIJb4LjG7r1wokRyAd4TrnrVeQ,Seis Vecinos,0,Unstarred Michelin-listed,Unstarred Michelin-listed,,,https://guide.michelin.com/en/us/new-york-state/new-york/restaurants
ChIJ25ryEZ5ZwokRNUaYyZc52_8,Sempre Oggi,0,Unstarred Michelin-listed,Unstarred Michelin-listed,,,https://guide.michelin.com/en/us/new-york-state/new-york/restaurants
ChIJqdwhvD5ZwokRMjq-dG4AVm4,Seoul Salon,0,Unstarred Michelin-listed,Unstarred Michelin-listed,,,https://guide.michelin.com/en/us/new-york-state/new-york/restaurants
ChIJ3XtEVaJbwokRydPyhK3PB_A,Seppe Pizza Bar,0,Unstarred Michelin-listed,Unstarred Michelin-listed,,,https://guide.michelin.com/en/us/new-york-state/new-york/restaurants
ChIJSZLeeo1ZwokR8cNwimMuHDE,Shabushabu Mayumon,0,Unstarred Michelin-listed,Unstarred Michelin-listed,,,https://guide.michelin.com/en/us/new-york-state/new-york/restaurants
ChIJ9ev4B-FbwokRhzTqc9KP5-I,Shalom Japen,0,Unstarred Michelin-listed,Unstarred Michelin-listed,,,https://guide.michelin.com/en/us/new-york-state/new-york/restaurants
ChIJUb901VlZwokRmb0kduVLllM,Smithereens,0,Unstarred Michelin-listed,Unstarred Michelin-listed,,,https://guide.michelin.com/en/us/new-york-state/new-york/restaurants
ChIJVUXabZxZwokRh-_g7s0HxVI,Sobaya,0,Unstarred Michelin-listed,Unstarred Michelin-listed,,,https://guide.michelin.com/en/us/new-york-state/new-york/restaurants
ChIJmeKSwPFdwokRZ--71Rq0GBY,Sobre Masa,0,Unstarred Michelin-listed,Unstarred Michelin-listed,,,https://guide.michelin.com/en/us/new-york-state/new-york/restaurants
ChIJzVWJIgVZwokRZzgRswAxIJY,Soda Club,0,Unstarred Michelin-listed,Unstarred Michelin-listed,,,https://guide.michelin.com/en/us/new-york-state/new-york/restaurants
ChIJK9DnCNlbwokR499xR5NXZII,Sofreh,0,Unstarred Michelin-listed,Unstarred Michelin-listed,,,https://guide.michelin.com/en/us/new-york-state/new-york/restaurants
ChIJ0aS81yNZwokRIk-S2YSuvls,Soothr,0,Unstarred Michelin-listed,Unstarred Michelin-listed,,,https://guide.michelin.com/en/us/new-york-state/new-york/restaurants
ChIJOTob_r1bwokRtUoNNbcmw_g,Speedy Romeo,0,Unstarred Michelin-listed,Unstarred Michelin-listed,,,https://guide.michelin.com/en/us/new-york-state/new-york/restaurants
ChIJkRWC9WFZwokRfa5Uzor3e-g,Sunday in Brooklyn,0,Unstarred Michelin-listed,Unstarred Michelin-listed,,,https://guide.michelin.com/en/us/new-york-state/new-york/restaurants
ChIJ26fKep1ZwokRrPzNIqBj4xU,Superiority Burger,0,Unstarred Michelin-listed,Unstarred Michelin-listed,,,https://guide.michelin.com/en/us/new-york-state/new-york/restaurants
ChIJx32M-AZZwokRYXUV81ghelA,Sushi Akira,0,Unstarred Michelin-listed,Unstarred Michelin-listed,,,https://guide.michelin.com/en/us/new-york-state/new-york/restaurants
ChIJczHrvxxZwokRQP4sZs4ahxs,Sushi Ikumi,0,Unstarred Michelin-listed,Unstarred Michelin-listed,,,https://guide.michelin.com/en/us/new-york-state/new-york/restaurants
ChIJ0Zb6HANZwokRnGIntPyqjLQ,Sushi Yasuda,0,Unstarred Michelin-listed,Unstarred Michelin-listed,,,https://guide.michelin.com/en/us/new-york-state/new-york/restaurants
ChIJhYJ4e6pZwokR518xrzkUaqw,Szechuan Gourmet,0,Unstarred Michelin-listed,Unstarred Michelin-listed,,,https://guide.michelin.com/en/us/new-york-state/new-york/restaurants
ChIJ6Vva1h9awokRXw_JSQ_x6y4,Tamarind,0,Unstarred Michelin-listed,Unstarred Michelin-listed,,,https://guide.michelin.com/en/us/new-york-state/new-york/restaurants
ChIJoWqUUFhFwokRgLdrJbh0bBg,Tanoreen,0,Unstarred Michelin-listed,Unstarred Michelin-listed,,,https://guide.michelin.com/en/us/new-york-state/new-york/restaurants
ChIJKRqJ1-NZwokRRBz5r9t1hb4,Taqueria El Chato,0,Unstarred Michelin-listed,Unstarred Michelin-listed,,,https://guide.michelin.com/en/us/new-york-state/new-york/restaurants
ChIJxy0SM0xZwokR5vC0f4wVlP0,Tatiana,0,Unstarred Michelin-listed,Unstarred Michelin-listed,,,https://guide.michelin.com/en/us/new-york-state/new-york/restaurants
ChIJ90pvtWdfwokRw86tuNLCG7g,Taverna Kyclades,0,Unstarred Michelin-listed,Unstarred Michelin-listed,,,https://guide.michelin.com/en/us/new-york-state/new-york/restaurants
ChIJXbVh8gRZwokR-uEVlFisxFE,Tha Phraya,0,Unstarred Michelin-listed,Unstarred Michelin-listed,,,https://guide.michelin.com/en/us/new-york-state/new-york/restaurants
ChIJQyFr6-FZwokRr23JK7BC7_g,Thai Diner,0,Unstarred Michelin-listed,Unstarred Michelin-listed,,,https://guide.michelin.com/en/us/new-york-state/new-york/restaurants
ChIJ-SBoguRZwokRmTRHDYXw0EI,The Commerce Inn,0,Unstarred Michelin-listed,Unstarred Michelin-listed,,,https://guide.michelin.com/en/us/new-york-state/new-york/restaurants
ChIJZdCkqrpZwokRFHIxSGlgMjc,The Dining Room at The Guesthouse,0,Unstarred Michelin-listed,Unstarred Michelin-listed,,,https://guide.michelin.com/en/us/new-york-state/new-york/restaurants
ChIJ8UxZqPxYwokRQSC7-Qoeea0,The Grill,0,Unstarred Michelin-listed,Unstarred Michelin-listed,,,https://guide.michelin.com/en/us/new-york-state/new-york/restaurants
ChIJu0soFVVYwokRArPqt2VGdJs,The Lambs Club,0,Unstarred Michelin-listed,Unstarred Michelin-listed,,,https://guide.michelin.com/en/us/new-york-state/new-york/restaurants
ChIJKy5pv_RYwokRtJvlzJ4oBJE,The Leopard at Des Artistes,0,Unstarred Michelin-listed,Unstarred Michelin-listed,,,https://guide.michelin.com/en/us/new-york-state/new-york/restaurants
ChIJ3TJ4moVZwokRkyy0hZnv_RA,The Musket Room,0,Unstarred Michelin-listed,Unstarred Michelin-listed,,,https://guide.michelin.com/en/us/new-york-state/new-york/restaurants
ChIJhXlSFFVZwokRbQf-lmDUK6k,The Office of Mr.Moto,0,Unstarred Michelin-listed,Unstarred Michelin-listed,,,https://guide.michelin.com/en/us/new-york-state/new-york/restaurants
ChIJ2QZOdTpawokRU_eN_EPJaX8,The River Café,0,Unstarred Michelin-listed,Unstarred Michelin-listed,,,https://guide.michelin.com/en/us/new-york-state/new-york/restaurants
ChIJJye7jZBbwokRtioAck7uEIg,Theodora,0,Unstarred Michelin-listed,Unstarred Michelin-listed,,,https://guide.michelin.com/en/us/new-york-state/new-york/restaurants
ChIJPbOOFvPzwokRttFt-acm5qo,Tobalá,0,Unstarred Michelin-listed,Unstarred Michelin-listed,,,https://guide.michelin.com/en/us/new-york-state/new-york/restaurants
ChIJQSKt-VdbwokRRPjIjPe6XEA,Tolo,0,Unstarred Michelin-listed,Unstarred Michelin-listed,,,https://guide.michelin.com/en/us/new-york-state/new-york/restaurants
ChIJBwGziqlZwokRb3MTH3xUt0Y,Tonchin,0,Unstarred Michelin-listed,Unstarred Michelin-listed,,,https://guide.michelin.com/en/us/new-york-state/new-york/restaurants
ChIJC_7NeRJfwokRsy59UhNZLao,Tong,0,Unstarred Michelin-listed,Unstarred Michelin-listed,,,https://guide.michelin.com/en/us/new-york-state/new-york/restaurants
ChIJoWa5-i5gwokR8v_bTyLmO6I,Tong Sam Gyup Goo Yi,0,Unstarred Michelin-listed,Unstarred Michelin-listed,,,https://guide.michelin.com/en/us/new-york-state/new-york/restaurants
ChIJYYDOMof0wokRvCMy2r_-3S0,Tra Di Noi,0,Unstarred Michelin-listed,Unstarred Michelin-listed,,,https://guide.michelin.com/en/us/new-york-state/new-york/restaurants
ChIJnxIAE6ZZwokRerFXklZuIvc,Ulivo,0,Unstarred Michelin-listed,Unstarred Michelin-listed,,,https://guide.michelin.com/en/us/new-york-state/new-york/restaurants
ChIJAbYL-YNZwokRIfs6jgmbXqg,Una Pizza Napoletana,0,Unstarred Michelin-listed,Unstarred Michelin-listed,,,https://guide.michelin.com/en/us/new-york-state/new-york/restaurants
ChIJ_zbudV1bwokRyxgi4zQEn0Y,Untable,0,Unstarred Michelin-listed,Unstarred Michelin-listed,,,https://guide.michelin.com/en/us/new-york-state/new-york/restaurants
ChIJWVD7FadZwokRs_pS6XY7VOU,Upland,0,Unstarred Michelin-listed,Unstarred Michelin-listed,,,https://guide.michelin.com/en/us/new-york-state/new-york/restaurants
ChIJN1M-dmVZwokRnicgNEGnFRY,Uzuki,0,Unstarred Michelin-listed,Unstarred Michelin-listed,,,https://guide.michelin.com/en/us/new-york-state/new-york/restaurants
ChIJHbRrFLRZwokRyYhsjTDMAUc,Veerays,0,Unstarred Michelin-listed,Unstarred Michelin-listed,,,https://guide.michelin.com/en/us/new-york-state/new-york/restaurants
ChIJnelMReNZwokRXqa1GK4myCk,Vert Frais,0,Unstarred Michelin-listed,Unstarred Michelin-listed,,,https://guide.michelin.com/en/us/new-york-state/new-york/restaurants
ChIJr7FOf5NZwokRu3CDYtzVmuQ,Via Carota,0,Unstarred Michelin-listed,Unstarred Michelin-listed,,,https://guide.michelin.com/en/us/new-york-state/new-york/restaurants
ChIJm7ryTglZwokRsgnJB6CDMCo,Wayan,0,Unstarred Michelin-listed,Unstarred Michelin-listed,,,https://guide.michelin.com/en/us/new-york-state/new-york/restaurants
ChIJmcr2IF9ZwokRr-u_-UTxju4,Wenwen,0,Unstarred Michelin-listed,Unstarred Michelin-listed,,,https://guide.michelin.com/en/us/new-york-state/new-york/restaurants
ChIJU1l5-65ZwokRz4BLoRd9WDs,Win Son,0,Unstarred Michelin-listed,Unstarred Michelin-listed,,,https://guide.michelin.com/en/us/new-york-state/new-york/restaurants
ChIJ86Q39ndZwokRJTOUVW7RD-I,Yellow Rose,0,Unstarred Michelin-listed,Unstarred Michelin-listed,,,https://guide.michelin.com/en/us/new-york-state/new-york/restaurants
ChIJB14pRT9FwokRnMbBprTy7RI,Yemenat,0,Unstarred Michelin-listed,Unstarred Michelin-listed,,,https://guide.michelin.com/en/us/new-york-state/new-york/restaurants
ChIJNYYfWbhZwokRgg2gEj4N41g,Zaab Zaab,0,Unstarred Michelin-listed,Unstarred Michelin-listed,,,https://guide.michelin.com/en/us/new-york-state/new-york/restaurants
ChIJxXrbJaJZwokRAAEnPk3AJh4,abcV,0,Unstarred Michelin-listed,Unstarred Michelin-listed,,,https://guide.michelin.com/en/us/new-york-state/new-york/restaurants
ChIJtxFgYDRdwokRmR1IiWUh8j8,il Gigante,0,Unstarred Michelin-listed,Unstarred Michelin-listed,,,https://guide.michelin.com/en/us/new-york-state/new-york/restaurants
