rest_id,restaurant_name,borough,homepage,michelin_category,match_source,google_display_name,formatted_address
ChIJx32M-AZZwokRYXUV81ghelA,Sushi Akira,Manhattan,https://sushiakiranyc.com/,selected,menu_exact,,
ChIJX97UMwBbwokRIFRlD1YzSRc,Lei,Manhattan,https://www.leiwine.nyc/,selected,menu_exact,,
ChIJ47moWdBZwokR2Ud_ilXR05E,Comal,Manhattan,https://www.comal-nyc.com/,selected,menu_exact,,
ChIJUb901VlZwokRmb0kduVLllM,Smithereens,Manhattan,https://www.smithereensnyc.com/,selected,menu_exact,,
ChIJzRCbxRVZwokRDAzYpDpbyG4,La Dong,,https://www.ladongnyc.com/,,menu_exact,,
ChIJT_JHTgFZwokRXleXHadsVaE,Sushi Sho,,https://www.sushi-sho.com/,,menu_exact,,
ChIJjybX-nVZwokRbnwwPvjMw4o,Four Twenty Five,,https://www.425parkrestaurant.com/,,places_api_disambiguated_menu_conflict,"Four Twenty Five, a Jean-Georges Restaurant","425 Park Ave, New York, NY 10022, USA"
ChIJISXTwWJZwokRIok4xyMeb6g,One White Street,,https://onewhitestreetnyc.com/,,menu_exact,,
ChIJjcAJd-tZwokRJ0GkkJ2Urp0,Le Pavillon,,https://www.lepavillonnyc.com/,,menu_exact,,
ChIJyVx4cR9ZwokRjVpmK-TnpM0,Hyun,,https://www.hyunnyc.com/,,menu_exact,,
ChIJ0aS81yNZwokRIk-S2YSuvls,Soothr,,https://soothrlic.com/,,menu_exact,,
ChIJHfvtRp1ZwokREpFE8Z1BEKs,Ruffian,,https://ruffiannyc.com/,,menu_exact,,
ChIJZd1h-MBYwokR0Ek-F4_Sep8,Bohemian Spirit,,https://bohemianspiritrestaurant.com/,,menu_exact,,
ChIJJy7oGqZZwokReiM-H1qtHYs,Huso,,https://husony.com/,,menu_exact,,
ChIJYTKtj2dZwokR3IYU3st5VuA,Muku,,https://www.restaurantmuku.nyc/,,menu_exact,,
ChIJKcCXHydZwokRNCwATmPZsgM,Adda,,https://www.addanyc.com/,,menu_exact,,
ChIJDyMGAgBZwokRggrgBWarG0o,Bánh Anh Em,,http://banhanhem.com/,,places_api_missing_from_menu,Bánh Anh Em,"99 3rd Ave, New York, NY 10003, USA"
ChIJ5Q8Bl1NbwokRjuIXKz8OfRQ,Bridges,,https://www.bridges-nyc.com/,,menu_exact,,
ChIJSdFphJdbwokRG3R5uMCxFt4,Yamada,,https://www.yamadanewyork.com/,,menu_exact,,
ChIJQZCdItFZwokR81gO5l3lMKc,Crane Club,,https://taogroup.com/venues/crane-club-restaurant-new-york/menu,,menu_exact,,
ChIJOdxhoDtZwokRSgA_ZpTUuhg,Ishq,,https://www.ishq.nyc/,,menu_exact,,
ChIJU3gRuXpZwokRihNyTYLnc1g,Dame,,https://www.damenewyork.com/,,menu_exact,,
ChIJ86Q39ndZwokRJTOUVW7RD-I,Yellow Rose,,https://www.yellowrosenyc.com/,,menu_exact,,
ChIJoTXWl8dbwokRpKA2BJFVsGA,Manhatta,,https://www.manhattarestaurant.com/,,menu_exact,,
ChIJRQgS7etZwokR8IMUTfuDXOM,Tsukimi,,https://www.tsukimi.nyc/,,menu_exact,,
ChIJD8V01OVYwokRkOtJNMtnBEs,Chola,,https://www.cholany.com/,,places_api_missing_from_menu,Chola,"232 E 58th St, New York, NY 10022, USA"
ChIJTQ0bJiJbwokRIjq-0C-madM,Maison Passerelle,,https://maisonpasserellenyc.com/,,menu_exact,,
ChIJSZLeeo1ZwokR8cNwimMuHDE,Shabushabu Mayumon,,https://www.shabushabumayumon.com/,,menu_exact,,
ChIJOdF5EgBZwokRP9RWtr5XA-g,Santi,,https://www.santinyc.com/,,menu_exact,,
ChIJpRJxMZFZwokRuAIdqebbohg,Cafe Commerce,,https://www.cafecommercenyc.com/,,menu_exact,,
ChIJ94LFiGZZwokRWfbAft9eBNo,Crevette,,https://www.crevettenyc.com/,,menu_exact,,
ChIJgbgBJY9ZwokR3XVwPBX8n7A,Massara,,https://www.massara.nyc/,,menu_exact,,
ChIJgaiXlpNbwokRN0vlYTshs-c,Corima,,https://www.corimanyc.com/,,menu_exact,,
ChIJH58NSAlZwokR9108aaP8cy8,See No Evil Pizza,,https://seenoevilpizza.com/,,menu_exact,,
ChIJfTgbIE9ZwokRdRjFE2OMZN8,Jua,,https://juanyc.com/,,menu_exact,,
ChIJORutA8BYwokR6obC5YpaamM,J.G. Melon,,https://jgmelon-nyc.com/,,menu_exact,,
ChIJ0Zb6HANZwokRnGIntPyqjLQ,Sushi Yasuda,,https://www.sushiyasuda.com/,,menu_exact,,
ChIJ0RWk_A5ZwokR-QEzcuKdpP4,Don Antonio,,https://www.donantoniopizza.com/,,menu_exact,,
ChIJ_xTxLRpZwokRCIo4c-DuKMA,Bayon,Welcome to Bayona Restaurant | A Taste of New Orleans,https://www.bayonnyc.com/,"Since 1990, BAYONA has been a staple in the romantic New Orleans French Quarter with the vision of providing fine dining in a comfortable, casual setting.",menu_exact,,
ChIJn7k4jxlZwokRhDkNH9383-o,Cheli,,https://www.che-li.com/,,menu_exact,,
ChIJS0y1_oJYwokRp1XiiN58wKA,Dagon,,https://www.dagonnyc.com/,,menu_exact,,
ChIJU0c2Y6lZwokRKlyc_R8HN88,Cho Dang Gol,,https://chodanggolnyc.com/,,menu_exact,,
ChIJO3lUXPtYwokRHcU_YPcKvcY,Lobster Club,,https://thelobsterclub.com/,,menu_exact,,
ChIJr15tlpJZwokRG4lyRntq3cw,Laliko,,https://laliko.com/,,menu_exact,,
ChIJNdS6kwVZwokRxFgqKTkyYuk,Markette,,https://www.marketterestaurant.com/,,menu_exact,,
ChIJ2VQUARFZwokRjSMEcK4rT1s,Ly Ly Vietnam Cookhouse,,https://www.lylynyc.com/,,menu_exact,,
ChIJh6WuOgBZwokR8Lm6IOFKk7A,Bartolo,,https://www.bartolonyc.com/,,menu_exact,,
ChIJsTUVzgBZwokRkUIgGFl_RJc,La Tête d'Or,,https://www.latetedorbydaniel.com/,,menu_exact,,
ChIJ6Xa02cFZwokRv_5HQ3fHoHk,Forsythia,,https://www.forsythianyc.com/,,menu_exact,,
ChIJ8ccTf-9YwokRMrljca_idL0,Le Veau d'Or,,https://www.lvdnyc.com/,,menu_exact,,
ChIJN8SzjFRZwokR-b5lqNXcg44,Kochi,,https://www.kochinyc.com/,,menu_exact,,
ChIJKy5pv_RYwokRtJvlzJ4oBJE,The Leopard at Des Artistes,,https://www.theleopardnyc.com/,,places_api_missing_from_menu,The Leopard at des Artistes,"1 W 67th St, New York, NY 10023, USA"
ChIJL6-NTmBZwokRGacx3GWq3D0,Frevo,,https://frevonyc.com/,,menu_exact,,
ChIJ68H4QMBYwokR42l6M4OIUCM,Persepolis,,https://www.persepolisnewyork.com/,,menu_exact,,
ChIJmQisBftYwokRQBBSSiPmF_k,Caviar Russe,,https://caviarrusse.com/,,menu_exact,,
ChIJuYwVAmX2wokRTnBiQLDD6us,Oso,,http://www.osoharlem.com/,,places_api_missing_from_menu,Oso,"1618 Amsterdam Ave, New York, NY 10031, USA"
ChIJ397qiflYwokRx2AOUyRXMMo,Benoit,,https://www.benoitny.com/,,menu_exact,,
ChIJ14y5HwNZwokRrNpTpUqpB7Q,Izakaya Futago,,https://www.izakaya-futago.com/,,menu_exact,,
ChIJMYIE-KlZwokRZuFHn8jkNuo,Ai Fiori,,https://aifiorinyc.com/,,menu_exact,,
ChIJQyFr6-FZwokRr23JK7BC7_g,Thai Diner,,https://www.thaidiner.com/,,menu_exact,,
ChIJCf-UC1FZwokRyrUzaZicgc8,II Fiorista,,https://www.ilfioristanyc.com/,,menu_exact,,
ChIJfxC19JVZwokRX2uKgQAL17c,Don Angie,,https://www.donangie.com/,,menu_exact,,
ChIJ00d8thlZwokRokFYn2wZy5E,Torien,,https://torien-nyc.com/,,places_api_missing_from_menu,Torien,"292 Elizabeth St, New York, NY 10012, USA"
ChIJBUwsto1ZwokRsW3Dy0Y1cO0,Raoul's,,http://raouls.com/,,menu_exact,,
ChIJWfonJ_tYwokRwIGb6Im403E,Aquavit,,https://www.aquavit.org/,,menu_exact,,
ChIJCar0f49ZwokR6ozLV-dHNTE,Katz's,,https://katzsdelicatessen.com/,,menu_exact,,
ChIJ3aiOZQRZwokRyTh5pEHCyXY,Tempura Matsui,,https://www.tempuramatsui.com/,,menu_exact,,
ChIJyw5j84lZwokRnUI_UknPSNA,Le Coucou,,https://lecoucou.com/,,menu_exact,,
ChIJm3rL5YxZwokRWk_MgQ_fuAk,Altro Paradiso,,https://altroparadiso.com/,,menu_exact,,
ChIJf3f-f4VZwokRcBCEciTOGRQ,Estela,,https://estelanyc.com/,,menu_exact,,
ChIJsw80F5NZwokRcDtxajLLOeA,Sushi Nakazawa New York,,https://www.sushinakazawa.com/new-york,,places_api_missing_from_menu,Sushi Nakazawa,"23 Commerce St, New York, NY 10014, USA"
ChIJQQwA46BZwokRSK41tPIemGA,Novitá,,https://novitarestaurant.com/,,menu_exact,,
ChIJBxKYEqZZwokRL__Emm2Tl2Y,Noda,,https://www.noda.nyc/,,places_api_missing_from_menu,noda,"37 W 20th St, New York, NY 10011, USA"
ChIJ5fW8U5ZZwokRlk_uZ6uLlgg,Kubeh,,https://www.eatkubeh.com/,,menu_exact,,
ChIJ_WGAABL2wokRNthCl_PuyFc,Barawine,,https://www.barawine.com/,,menu_exact,,
ChIJvSw_uuxZwokRwESVzh5G33s,Jeju Noodle Bar,,https://jejunoodlebar.com/,,menu_exact,,
ChIJExJQMsdZwokR7a48kYV6EMg,Le B,,https://lebnyc.com/,,menu_exact,,
ChIJhUDJFUVZwokRkNERZsyOxWo,Ariari,,https://ariarinyc.com/,,menu_exact,,
ChIJGUJaVtVZwokR3VU_JU2pedg,Moody Tongue Sushi,,https://www.moodytongue.com/,,menu_exact,,
ChIJxy0SM0xZwokR5vC0f4wVlP0,Tatiana,,https://www.tatiananyc.com/,,menu_exact,,
ChIJkzm4uVZZwokRpH8jUC56Ry4,Hav & Mar,,https://www.havandmar.com/,,places_api_missing_from_menu,Hav & Mar,"245 11th Ave, New York, NY 10001, USA"
ChIJh5JzbfZYwokRR7KqJOksL7Y,Jean-Georges,,https://www.jean-georgesrestaurant.com/,,places_api_missing_from_menu,Jean-Georges,"1 Central Prk W, New York, NY 10023, USA"
ChIJ_Y7rMCBawokR0mnRmN5kL2o,Atera,,https://ateranyc.com/,,menu_exact,,
ChIJN4jAggZZwokRQ38qpXSjGGQ,Little Alley,,https://www.littlealley.nyc/,,menu_exact,,
ChIJ22wiSIpZwokRUmlXovJnWDI,La Mercerie,,https://romanandwilliams.com/pages/lamercerie-menus,,places_api_missing_from_menu,La Mercerie,"53 Howard St, New York, NY 10013, USA"
ChIJw_TGEwBZwokR-zLts543O-4,Gabriel Kreuther,,https://www.gknyc.com/,,menu_exact,,
ChIJCcAxi5RYwokRdUqdw5_FHIk,Café Boulud,,https://cafeboulud.com/,,menu_exact,,
ChIJN2iOxo1ZwokRIMdxk2LDHmM,Pinch Chinese,,https://www.pinchchinese.com/,,menu_exact,,
ChIJz8asT51ZwokRhNF8JQzaLqQ,Miss Lily's,,https://www.misslilys.com/,,menu_exact,,
ChIJQdPMK0JZwokRkq4DcvtSraA,Fasano,,https://www.fasanorestaurantny.com/,,menu_exact,,
ChIJJ8hFlKFZwokRFmzhJg7Qofo,Carlotto,,https://carlottonewyork.com/,,menu_exact,,
ChIJ-SBoguRZwokRmTRHDYXw0EI,The Commerce Inn,,https://www.thecommerceinn.com/,,menu_exact,,
ChIJxZmzO7hZwokRx2fls4uU4YU,Semma,,https://www.semma.nyc/,,menu_exact,,
ChIJBaD9A0ZbwokRu6ArQW3Nj1E,Carne Mare,,https://www.carnemare.com/,,menu_exact,,
ChIJHbRrFLRZwokRyYhsjTDMAUc,Veerays,,https://www.veerays.com/,,menu_exact,,
ChIJq7G-HTtZwokRkQvXiYeiuco,Oceans,,https://oceansnewyork.com/,,menu_exact,,
ChIJJyPbJe1ZwokRu8dDEOqAYDc,Dhamaka,,https://www.dhamaka.nyc/,,menu_exact,,
ChIJXbVh8gRZwokR-uEVlFisxFE,Tha Phraya,,https://www.thaphraya.com/,,menu_exact,,
ChIJcfbyqFNZwokRUoBP92II4c0,Nami Nori,,https://www.naminori.us/menu,,menu_exact,,
ChIJ-TuoLitZwokRgQRHmUGEgyY,Portale,,https://www.portalerestaurant.com/,,menu_exact,,
ChIJYw5z8rhbwokRvlPiJa21fuI,Farra,,https://www.farranyc.com/,,menu_exact,,
ChIJm7ryTglZwokRsgnJB6CDMCo,Wayan,,https://www.wayan-restaurants.com/,,places_api_missing_from_menu,Wayan,"20 Spring St, New York, NY 10012, USA"
ChIJhYJ4e6pZwokR518xrzkUaqw,Szechuan Gourmet,,https://szechuangourmet39.com/,,menu_exact,,
ChIJZZlClEZbwokRZj-0-fE25tk,Saga,,https://www.saga-nyc.com/,,places_api_missing_from_menu,Saga,"70 Pine St 63rd Floor, New York, NY 10005, USA"
ChIJk84XGIRYwokRGrW8KFlR2_g,Eléa,,https://eleanyc.com/,,menu_exact,,
ChIJixS5XaJZwokR1hrG2VpP1No,Mission Ceviche,,https://missionceviche.com/,,places_api_missing_from_menu,Mission Ceviche Union Square,"7 E 17th St, New York, NY 10003, USA"
ChIJ6WTjLENZwokRsU3IurxvnCI,Yoshino,,https://www.yoshinonewyork.com/,,places_api_missing_from_menu,YOSHINO • NEW YORK,"342 Bowery, New York, NY 10012, USA"
ChIJmxNuRpVYwokRHEkGRQ_trfc,Orsay,,https://www.orsayrestaurant.com/,,menu_exact,,
ChIJtSk6aqhZwokRAA7X1yq7onk,HanGawi,,https://hangawirestaurant.com/,,menu_exact,,
ChIJFQ55zVdYwokRUyAEIvUGfHw,Gallaghers,,https://www.gallaghersnysteakhouse.com/,,menu_exact,,
ChIJM26HnlhYwokR4IfXFz-AuCA,Masa,,https://www.masanyc.com/,,menu_exact,,
ChIJ01_9-ZdYwokR7iv7XpkKAic,Cafe Sabarsky,,https://www.neuegalerie.org/cafesabarsky,,menu_exact,,
ChIJQ1R3hKNZwokRQM4wbIrc00o,Cote,,https://www.cotekoreansteakhouse.com/,,menu_exact,,
ChIJWVD7FadZwokRs_pS6XY7VOU,Upland,,https://uplandnyc.com/,,menu_exact,,
ChIJhesNT51ZwokRqIACbMxk2BQ,Avant Garden,,https://www.avantgardennyc.com/,,menu_exact,,
ChIJ__9LNBZawokREnkOiVx7ydc,Crown Shy,,https://www.crownshy.nyc/,,menu_exact,,
ChIJQSKt-VdbwokRRPjIjPe6XEA,Tolo,,https://tolonyc.com/,,menu_exact,,
ChIJZdCkqrpZwokRFHIxSGlgMjc,The Dining Room at The Guesthouse,,https://rhguesthouse.com/diningroom,,menu_exact,,
ChIJpT0hlqtZwokRYQqPEQPFhBo,Little Myanmar,,https://littlemyanmarny.com/,,menu_exact,,
ChIJNbTIf5BZwokRjbkuTrLZVB4,Le Rock,,https://www.lerocknyc.com/,,menu_exact,,
ChIJBchQ93pZwokR5AtYEzo6p1o,Jōji,,https://jojiny.com/,,places_api_missing_from_menu,Jōji,"1 Vanderbilt Ave, New York, NY 10017, USA"
ChIJV7QQ6kdZwokRax4615zpSGU,Le Bernardin,,https://www.le-bernardin.com/,,menu_exact,,
ChIJT9pRklZYwokRDwIZonSnPjs,Kung Fu Little Steamed Buns Ramen,,https://kungfutogo.com/,,places_api_missing_from_menu,Real Kung Fu Little Steamed Buns Ramen,"811 8th Ave, New York, NY 10019, USA"
ChIJBwGziqlZwokRb3MTH3xUt0Y,Tonchin,,https://www.tonchinus.com/,,menu_exact,,
ChIJ6Vva1h9awokRXw_JSQ_x6y4,Tamarind,,https://www.tamarindtribeca.com/,,menu_exact,,
ChIJvWSDS_ZYwokRiG9D395loxo,Marea,,https://www.marearestaurant.com/new-york,,menu_exact,,
ChIJ3TJ4moVZwokRkyy0hZnv_RA,The Musket Room,,https://www.musketroom.com/,,menu_exact,,
ChIJ53yq2oZZwokRqIHSP4qZT3o,Russ & Daughters Café,,https://www.russanddaughters.com/,,places_api_missing_from_menu,Russ & Daughters Cafe,"127 Orchard St, New York, NY 10002, USA"
ChIJAbYL-YNZwokRIfs6jgmbXqg,Una Pizza Napoletana,,https://unapizza.com/,,places_api_missing_from_menu,Una Pizza Napoletana,"175 Orchard St, New York, NY 10002, USA"
ChIJxXrbJaJZwokRAAEnPk3AJh4,abcV,,https://www.abcv.nyc/,,menu_exact,,
ChIJT-gYZKFZwokR7O8LLYuYMjU,Cosme,,https://cosmenyc.com/,,menu_exact,,
ChIJBQwbiCZawokRak_8KefFP7M,Dim Sum Go Go,,https://www.dimsumgogonyc.com/,,places_api_disambiguated_menu_conflict,Dim Sum Go Go,"5 E Broadway, New York, NY 10038, USA"
ChIJkdKgqjBZwokRe0eoeX7X9Xg,L'Abeille à Côté,,https://www.labeilleacote.nyc/,,menu_exact,,
ChIJkYkkoh1ZwokRE01ymVZhhpg,YingTao,,https://www.yingtaonyc.com/,,menu_exact,,
ChIJs2_eoNBZwokR774H9Y29ANg,El Fish Marisqueria,,http://elfish67.com/,,menu_exact,,
ChIJeWk_ncJZwokR1QHfApa0dQo,Pranakhon,,https://pranakhonnyc.com/,,menu_exact,,
ChIJBdMLKZBZwokRJ0tYbQ6nfZ4,Shmoné,,https://www.shmonenyc.com/,,menu_exact,,
ChIJd4gIXTlZwokR1A8bEjuem20,La Devozione: The Oval,,https://www.ladevozionenyc.com/menu/the-oval,,menu_exact,,
ChIJ9-oPPZNZwokR9XwT635xClU,Peak,,https://www.peaknyc.com/,,menu_exact,,
ChIJvSQIgqFZwokRFYQbJdzceSs,Gramercy Tavern,,https://www.gramercytavern.com/,,menu_exact,,
ChIJeQcZlpFZwokRjoemq-_w9QA,Minetta Tavern,,https://www.minettatavernny.com/,,menu_exact,,
ChIJLSOKsppZwokR_j81qK3aPsM,Atla,,https://www.eatatla.com/,,menu_exact,,
ChIJ8-YKf4JZwokR8E9EvXIGnhI,Secchu Yokota,,http://www.secchuyokota.com/,,menu_exact,,
ChIJqdwhvD5ZwokRMjq-dG4AVm4,Seoul Salon,,https://seoulsalon.nyc/,,menu_exact,,
ChIJQ2rWiydZwokRKb1IcXrXZ-E,53,,http://53-nyc.com/,,menu_exact,,
ChIJee0VTWZZwokRDYFpAoConlw,Oiji Mi,,https://www.oijimi.com/,,menu_exact,,
ChIJNaUIchtZwokRHI8Pk3mEz1Y,8282,,https://www.eightwoeightwo.com/,,menu_exact,,
ChIJ-yUjn9JZwokR7Cq1cegFzZU,Covacha,,https://www.covachany.com/,,menu_exact,,
ChIJfXtCJgBZwokRt0ncRw3PEk4,Joo Ok,,https://www.joo-ok.com/,,menu_exact,,
ChIJA4qq2sNZwokRYPPHJ7jwTAc,Odre,,https://odrenyc.com/,,menu_exact,,
ChIJ25ryEZ5ZwokRNUaYyZc52_8,Sempre Oggi,,https://www.semprenyc.com/,,menu_exact,,
ChIJxUPhRABZwokRWTa40zp_N10,Bungalow,,https://www.bungalowny.com/,,menu_exact,,
ChIJjV-YTgBZwokRVeWJgF_z7eE,Hyderabadi Zaiqa,,https://hyderabadizaiqa.com/,,menu_exact,,
ChIJi4KXPNdZwokRXc8e60p0670,Red Paper Clip,,https://www.redpaperclip.nyc/,,menu_exact,,
ChIJRbqLkqFZwokR3E6d0zDKAko,Sami & Susu,,https://www.samiandsusu.com/,,menu_exact,,
ChIJ05xWLABZwokRKCsPbbMahzo,Papa San,,https://www.papasannyc.com/,,menu_exact,,
ChIJ685zLlZZwokRiEoiYj-Iyvg,Kabawa,,https://www.momofuku.com/restaurants/barkabawa/menu,,places_api_disambiguated_menu_conflict,Kabawa,"8 Extra Pl, New York, NY 10003, USA"
ChIJCZ6-33tZwokRIika4HJVD-o,Chez Fifi,,https://www.chezfifinyc.com/,,menu_exact,,
ChIJczHrvxxZwokRQP4sZs4ahxs,Sushi Ikumi,,https://www.ikumi.nyc/,,places_api_missing_from_menu,Sushi Ikumi,"135 Sullivan St, New York, NY 10012, USA"
ChIJj_wLYalZwokRULTcqVFlZlg,Rosella,,https://www.rosellanyc.com/,,menu_exact,,
ChIJ09ZGju5YwokRXOcNC23JRwk,Daniel,,https://www.danielnyc.com/,,menu_exact,,
ChIJp_UkrilawokRtDAS5sls7jo,Cervo's,,https://www.cervosnyc.com/,,menu_exact,,
ChIJoeTbP6hZwokR9N--sbudnCM,Dons Bogam,,https://www.donsbogam.com/,,menu_exact,,
ChIJKbKvOwBZwokRE3mEbmx_F6g,Kanyakumari,,http://kanyakumarinyc.com/,,menu_exact,,
ChIJsedB_edYwokRrxhc0jZb_Mk,Lungi,,https://lungirestaurant.com/,,menu_exact,,
ChIJhwCMNh5ZwokROomRErlMEpk,Chalong,,https://chalongnyc.com/,,menu_exact,,
ChIJKdcKCelZwokRdFHp3hzUKok,Le Jardinier New York,,https://www.lejardinier-nyc.com/,,menu_exact,,
ChIJDdKSyCVZwokR-9svvc9YDFo,Rezd?ra,,https://www.rezdora.nyc/,,menu_exact,,
ChIJu0soFVVYwokRArPqt2VGdJs,The Lambs Club,,https://www.thelambsclub.com/,,menu_exact,,
ChIJ0-KySwBZwokROY0ex-BEQrc,Melba's,,https://www.melbasrestaurant.com/,,menu_exact,,
ChIJ8UxZqPxYwokRQSC7-Qoeea0,The Grill,,https://thegrillnewyork.com/,,menu_exact,,
ChIJRQqJgYVZwokRfJB16sxh1Pg,Ballato,,https://emiliosballato.shop/,,menu_exact,,
ChIJ69NaKJdZwokR3CamunXyYig,Loring Place,,https://www.loringplacenyc.com/,,menu_exact,,
ChIJD4wsQaRZwokRQIswTkF3YIc,Junoon,,https://www.junoonnyc.com/,,places_api_disambiguated_menu_conflict,Junoon,"19 W 24th St, New York, NY 10010, USA"
ChIJi9BURJFZwokRDcqvIgxdXds,Family Meal at Blue Hill,,https://www.bluehillfarm.com/,,places_api_missing_from_menu,Family Meal at Blue Hill,"75 W Washington Pl, New York, NY 10011, USA"
ChIJlRDB34FZwokRUVAP-qsAoUY,odo,,https://www.odo.nyc/,,menu_exact,,
ChIJmSvG_ZFZwokRTOFeiLXzkmA,Carbone,,https://carbonenewyork.com/,,menu_exact,,
ChIJkXQ3_INZwokRE74ZvG46Jjc,Momofuku Noodle Bar,,https://momofukunoodlebar.com/,,menu_exact,,
ChIJK2mBYJNZwokRIT4oANQ6OFY,I Sodi,,https://www.isodinyc.com/,,places_api_missing_from_menu,I Sodi,"314 Bleecker St, New York, NY 10014, USA"
ChIJnxIAE6ZZwokRerFXklZuIvc,Ulivo,,https://www.ulivonyc.com/,,menu_exact,,
ChIJIwaq1P5ZwokRmGG4WafDScw,Penny,,https://www.penny-nyc.com/,,menu_exact,,
ChIJaWBLA_pZwokRX2BYIIr6rwE,Moono,,https://www.moononyc.com/menu,,menu_exact,,
ChIJb7CqrvpZwokRFeC0MqXi7ys,Café Carmellini,,https://www.cafecarmellini.com/,,menu_exact,,
ChIJ5ckmp3JZwokRYISySgjWO7k,Peppercorn Station,,https://www.peppercornstation.com/,,menu_exact,,
ChIJJU-UWk1ZwokRklDKrZ_9EZE,Raf's,,https://www.rafsnewyork.com/,,menu_exact,,
ChIJjw0jcKJZwokRrqj91_P25w8,MayRee,,https://www.mayreenyc.com/,,menu_exact,,
ChIJMy2SSj32wokRYJFmKli4HvA,Miss Mamie's Spoonbread Too,,https://spoonbreadinc.com/,,menu_exact,,
ChIJI9k11O5YwokRJXZKb8r3CoQ,JoJo,,https://www.jojorestaurantnyc.com/,,places_api_missing_from_menu,JoJo by Jean-Georges,"160 E 64th St, New York, NY 10065, USA"
ChIJmUAVNb5YwokRyFZIbhQ_cxM,Sushi Noz,,https://www.sushinoz.com/,,menu_exact,,
ChIJreEXi4FZwokR_ygs7wh2fTk,Ivan Ramen,,https://www.ivanramen.com/,,menu_exact,,
ChIJBXlte51ZwokRXzXtdaBG9xM,Dirt Candy,,https://www.dirtcandynyc.com/,,menu_exact,,
ChIJiVVSAE1awokRzdvqVP_z3aA,Chef's Table at Brooklyn Fare,,https://www.brooklynfare.com/chefs-table,,places_api_missing_from_menu,The Chef's Table at Brooklyn Fare,"431 W 37th St Suite 3F, New York, NY 10018, USA"
ChIJbwHIighZwokRbdADB-4Hzd8,Norma Gastronomia Siciliana,,https://normarestaurant.com/,,menu_exact,,
ChIJpSTN0R9awokRI29rK_SfbeA,Jungsik New York,,https://www.jungsik.com/,,menu_exact,,
ChIJmy2pnY1ZwokRvWDMouRmdl4,King,,https://kingrestaurant.nyc/,,places_api_missing_from_menu,King,"18 King St, New York, NY 10014, USA"
ChIJp3PsL_ZYwokRZYqs_40RJF4,Pre Se,,https://thomaskeller.com/new-york-new-york/per-se/todays-menus,,places_api_missing_from_menu,Per Se,"10 Columbus Cir, New York, NY 10019, USA"
ChIJMW-gxPtYwokRzDlnsRgq9rA,The Modern,,https://www.themodernnyc.com/,,menu_exact,,
ChIJU7iTdXhZwokR2n5XFHPVdAY,Tuome,,https://www.tuomenyc.com/,,menu_exact,,
ChIJr7FOf5NZwokRu3CDYtzVmuQ,Via Carota,,https://www.viacarota.com/,,menu_exact,,
ChIJ-7AOKpRZwokRMq0XnG_eehU,4 Charles Prime Rib,,https://www.nycprimerib.com/,,menu_exact,,
ChIJfZrQSJ1ZwokREBcOmNf9lew,Pylos,,https://pylosrestaurant.com/,,menu_exact,,
ChIJM2NCGJ1ZwokRA2nCkZcz08g,MáLà Project,,https://www.malaproject.com/,,menu_exact,,
ChIJQzryKJxZwokRYH9Qt5wh3ZY,Kanoyama,,https://kanoyama.com/,,menu_exact,,
ChIJoXWHAlJZwokRVBsijjIYQoQ,Bar Miller,,https://www.barmiller.com/,,places_api_missing_from_menu,Bar Miller,"620-622 E 6th St, New York, NY 10009, USA"
ChIJNUy-BJpZwokReQu-xGJe9lI,Eulalie,,https://chipandtina.com/,,menu_exact,,
ChIJp77YbQBZwokRtrv7Pca_IJE,Gui,,https://guinyc.com/,,places_api_missing_from_menu,Gui Steakhouse – NYC Times Square,"776 8th Ave, New York, NY 10036, USA"
ChIJRY8CqGJZwokR285BA7eLv5g,bōm,,http://www.bom-nyc.com/,,places_api_missing_from_menu,bōm,"17 W 19th St, New York, NY 10011, USA"
ChIJT4q4QIFZwokRs1nRu7_ckVI,Noz 17,,https://www.noz.global/experience/noz-17,,menu_exact,,
ChIJWd7fRdZZwokRhru5tn4KsVM,Torrisi,,https://torrisinyc.com/,,menu_exact,,
ChIJUd1sYJ9ZwokRRkqniQdJ144,Casa Mono,,https://www.casamononyc.com/,,menu_exact,,
ChIJ3bmAHghZwokRRXYO57yLuss,Atomix,,https://www.atomixnyc.com/,,menu_exact,,
ChIJyaTH_pRbwokRp4SVDyxdALw,Ernesto's,,https://www.ernestosnyc.com/,,menu_exact,,
ChIJicZ4uJNZwokR_iq6h-BM3F0,Le Gigot,,https://www.legigotrestaurant.com/menu.html,,menu_exact,,
ChIJq6pu4qJZwokRARFMcQsmd6Y,Kyma,,https://kymarestaurants.com/,,menu_exact,,
ChIJZ-xpvadZwokRGVsoX2gW38s,Atoboy,,https://www.atoboynyc.com/,,menu_exact,,
ChIJVUXabZxZwokRh-_g7s0HxVI,Sobaya,,https://www.sobaya.us/,,menu_exact,,
ChIJZY2-HL5ZwokRnIcy5aBG-o0,Kosaka,,https://www.kosakanyc.com/,,menu_exact,,
ChIJo5Z8DuZZwokR0VamSWa1LwE,Octo,,https://www.octo.nyc/,,menu_exact,,
ChIJN-Kpvb9ZwokRNJQ-Y-_St7M,Kebab aur Sharab,,https://kebabaursharab.com/,,menu_exact,,
ChIJ-XcRtjdZwokRMcgZdhVjqYg,Lord's,,https://www.lordsenglish.com/,,menu_exact,,
ChIJyflTcS1ZwokRBWTy8tCgaDM,Jupiter,,https://www.jupiterrestaurant.nyc/,,menu_exact,,
ChIJ5Qa2Xu9ZwokRIyvK1rhdwgw,Nudibranch,,https://nudibranchnyc.com/,,places_api_missing_from_menu,Nudibranch,"125 1st Ave, New York, NY 10003, USA"
ChIJp0ha1dFZwokRK9WxgN9HVuY,HAGS,,https://hagsnyc.com/,,places_api_missing_from_menu,HAGS,"163 1st Ave, New York, NY 10003, USA"
ChIJ_ci7bvdZwokRsL4rlCOqsMk,Ci Siamo,,https://www.cisiamo.com/,,menu_exact,,
ChIJ43KaxzxbwokRVjbWT05nZ_M,Chambers,,https://www.chambers.nyc/,,menu_exact,,
ChIJ60WL4SZawokRpCV_pGTfb1Y,Cha Kee,,https://chakee.restaurants-us.com/,,menu_exact,,
ChIJ385rlW9ZwokRHTamoLqoosI,63 Clinton,,https://www.63clinton.com/,,menu_exact,,
ChIJ0VKRSIhZwokRdCKH7vdxs2o,Nyonya,,https://nyonya.res-menu.net/,,menu_exact,,
ChIJPzFYF51ZwokRbAQY59WDJUE,Noreetuh,,https://www.noreetuh.com/,,menu_exact,,
ChIJEWbXz6ZZwokRLKmKrtPfVFY,Eleven Madison Park,,https://www.elevenmadisonpark.com/,,places_api_missing_from_menu,Eleven Madison Park,"11 Madison Ave, New York, NY 10010, USA"
ChIJvduhDjVZwokReg77D1pNQaQ,Bangkok Supper Club,,https://www.bangkoksupperclubnyc.com/,,menu_exact,,
ChIJp-hnIhNZwokRq1FijMduZrM,Coqodaq,,https://coqodaq.weeblyte.com/,,menu_exact,,
ChIJSfeOCf5ZwokRWuoMT5Kc6KY,Nōksu,,https://noksunyc.com/,,menu_exact,,
ChIJ7yN3d6tZwokRATR9U3lAqLg,Potluck Club,,https://thepotluckclubny.com/,,menu_exact,,
ChIJ63L1ISRZwokRyEGTzZ0gAZM,Ma•dé,,http://www.ma-de-nyc.com/,,menu_exact,,
ChIJhXlSFFVZwokRbQf-lmDUK6k,The Office of Mr.Moto,,https://www.dearmrmoto.com/,,places_api_missing_from_menu,The Office of Mr. Moto,"120A St Marks Pl, New York, NY 10009, USA"
ChIJ26fKep1ZwokRrPzNIqBj4xU,Superiority Burger,,http://www.superiorityburger.com/,,places_api_missing_from_menu,Superiority Burger,"119 Avenue A, New York, NY 10009, USA"
ChIJWRt4WAtZwokRDRClJ45Ohzg,Claud,,https://www.claudnyc.com/,,menu_exact,,
ChIJx-bMHr1ZwokRd3i_y7F3VlE,C as in Charlie,,https://www.c-asincharlie.com/,,menu_exact,,
ChIJw6JyhoxZwokR3mKl4FLg5rM,Essential by Christophe,,https://www.essentialbychristophe.com/,,menu_exact,,
ChIJzVWJIgVZwokRZzgRswAxIJY,Soda Club,,https://www.sodaclubnyc.com/,,menu_exact,,
ChIJiW_7kM9bwokR9qMrG4XITL8,Ito,,https://www.ito-omakase.com/ito-new-york,,menu_exact,,
ChIJyRIhC_dbwokRqGoh89KPQME,Icca,,https://icca.nyc/,,places_api_missing_from_menu,icca,"20 Warren St, New York, NY 10007, USA"
ChIJP1f9kMNZwokRYE4hg0tw_CE,Genesis House Restaurant,,https://www.genesishouse.com/us/en/nyc/restaurant.html,,menu_exact,,
ChIJq75Ur-tZwokRo7I_F_PhlcU,L'Abeille,,https://www.labeille.nyc/,,menu_exact,,
ChIJk_HUw2dZwokR_zqBwmFDHgo,Mari,,https://marinyc.com/,,menu_exact,,
ChIJVbsIFZVZwokRHGQifEDV3SU,Chick Chick,,https://www.chickchicknyc.com/,,menu_exact,,
ChIJUTD-vEFbwokRhahGeJOPB2Q,Sal Tang's,,https://www.saltangs.com/,,menu_exact,,
ChIJK7XWBaZZwokRbS6fwX6Otto,6 Restaurant,,https://www.6restaurant.com/,,menu_exact,,
ChIJ7c_9NlpbwokR71rsKP5tMtw,Café Kestrel,,http://kesnewyork.com/,,menu_exact,,
ChIJidFNLAdfwokRDaE9PudSm7Q,Phayul,,https://phayul.weeblyte.com/,,menu_exact,,
ChIJ95V_CVNYwokRB6Xv7wRrQZw,Cardamom,,https://www.cardamomny.com/,,menu_exact,,
ChIJ43dNliVbwokR-PyxKlkJOXc,Mango Bay,,https://themangobay.com/,,menu_exact,,
ChIJGfdZtJdbwokREUPcjASYSr4,Glin Thai Bistro,,https://glinthaibistro.com/,,menu_exact,,
ChIJhdx5XYZbwokRiPjDzj6xOQA,Daphne's,,https://www.daphnesbrooklyn.com/,,menu_exact,,
ChIJAVTGb3pZwokRmKrpkrTn1NY,Madre,,https://www.madrenyc.com/,,menu_exact,,
ChIJUU0Hd95fwokR3tAJqfPpDvs,SaRanRom Thai,,https://saranromthai.dine.online/,,places_api_missing_from_menu,Saranrom Thai,"81-10 Broadway, Elmhurst, NY 11373, USA"
ChIJ4ahOydVYwokR7cBu4R_8BXo,Gordo's Cantina,,https://gordoscantina.com/,,menu_exact,,
ChIJD87O1YJbwokR6lRmQ6nsIfU,Sawa,,https://www.sawa.nyc/,,menu_exact,,
ChIJC_7NeRJfwokRsy59UhNZLao,Tong,,https://tongbrooklyn.com/,,menu_exact,,
ChIJkzwxb_VZwokRCQbOg1hggOw,Hupo,,https://hupo.nyc/,,menu_exact,,
ChIJWUhoPQhdwokRYsDwo5qMnMU,Rolo's,,https://www.rolosnyc.com/,,menu_exact,,
ChIJ3XtEVaJbwokRydPyhK3PB_A,Seppe Pizza Bar,,https://seppepizzabar.com/,,menu_exact,,
ChIJ0VWwJI9awokRoiFWFqYZMQ8,Hometown Bar B Que New York,,https://hometownbbq.com/,,menu_exact,,
ChIJ4aU3LC1OwokR44RNlSuxCjM,Enoteca Maria,,https://www.nonnasoftheworld.org/,,menu_exact,,
ChIJ03HMlbRPwokR4dG6Dhon-A4,Lakruwana,,https://www.lakruwanarestaurant.com/,,menu_exact,,
ChIJtxFgYDRdwokRmR1IiWUh8j8,il Gigante,,https://www.ilgigantenyc.com/,,places_api_missing_from_menu,il Gigante,"8-80 Woodward Ave, Ridgewood, NY 11385, USA"
ChIJlxis48RZwokRCkdW3UJz00I,Rose Marie,,https://www.rosemarienyc.com/,,menu_exact,,
ChIJMRzjDuVbwokRXPeo4rKGGjQ,Hungry Thirsty,,https://www.hungrythirstynyc.com/,,menu_exact,,
ChIJrwTqaQBbwokRaK-iQfAWdG4,Cafe Mado,,https://www.cafemadonyc.com/,,menu_exact,,
ChIJl-l0rSdZwokReqiZ7S2yx0A,Pierozek,,https://www.pierozekbrooklyn.com/,,menu_exact,,
ChIJb1yO2ZdhwokRIWlN1iszze4,Caleta 111 Cevicheria,,https://caleta-111.res-discover.com/,,menu_exact,,
ChIJBb-QzRRbwokRk_PoI4uduws,Risbo,,https://www.risbobk.com/,,menu_exact,,
ChIJe94ViUFZwokRTJ3cQOMhFdI,Chez Ma Tante,,https://chezmatantebk.com/,,menu_exact,,
ChIJoWa5-i5gwokR8v_bTyLmO6I,Tong Sam Gyup Goo Yi,,http://www.tongsamgyupgooyi.com/,,menu_exact,,
ChIJR_bK295bwokR8gM6QgEdmkY,Peter Luger,,https://peterluger.com/,,menu_exact,,
ChIJkRWC9WFZwokRfa5Uzor3e-g,Sunday in Brooklyn,,https://www.sundayinbrooklyn.com/,,menu_exact,,
ChIJRUDshWKKwokRKEDd6H2RAmE,Legend of Taste,,https://www.legendoftasteny.com/,,menu_exact,,
ChIJqzhkS7dbwokRtGCdHcorPvU,Miss Ada,,https://www.missadanyc.com/,,menu_exact,,
ChIJLb9vlE1awokRL4Ume5zpejQ,Mile End,,https://www.mileenddeli.com/,,menu_exact,,
ChIJqRe1FMpbwokRQqWHvCtpSO8,Casa Ora,,https://www.casaoranyc.com/,,places_api_missing_from_menu,Casa Ora,"148 Meserole St, Brooklyn, NY 11206, USA"
ChIJA1h4NVZZwokRheUtPiYkt0g,Ammazzacaffè,,https://ammazzacaffe.nyc/,,menu_exact,,
ChIJUwatTl1ZwokRUDXxYoFa-hk,Aska,,https://www.askanyc.com/,,menu_exact,,
ChIJJ5J8yJ9bwokRjpOkpYgii5k,Chavela's,,https://chavelasnyc.com/,,menu_exact,,
ChIJYYDOMof0wokRvCMy2r_-3S0,Tra Di Noi,,https://trattoria-tra-di-noi.findmenuworld.com/,,menu_exact,,
ChIJOTob_r1bwokRtUoNNbcmw_g,Speedy Romeo,,https://www.speedyromeo.com/,,menu_exact,,
ChIJ_zbudV1bwokRyxgi4zQEn0Y,Untable,,https://www.untablebrooklyn.com/,,menu_exact,,
ChIJ6alY3R1ZwokRQXUSqpo8OIM,Meju,,https://mejunyc.com/,,places_api_missing_from_menu,Meju,"5-28 49th Ave, Long Island City, NY 11101, USA"
ChIJVT21BE9awokR_TVyGHmHvtU,La Vara,,https://www.lavarany.com/,,menu_exact,,
ChIJl4SyfAlZwokRH9jp28Mfb1g,Patricia's,,https://www.patriciasofmorrispark.com/,,menu_exact,,
ChIJv4bbdSNZwokRCgKfDGF8az8,Casa Enrique,,https://casaenriquelic.com/,,menu_exact,,
ChIJk6_emFpbwokReeza0hzar2c,Café Mars,,http://www.cafemarsbk.com/,,menu_exact,,
ChIJP6l_znFbwokRpT1_G9i2i_Y,Inga's Bar,,https://ingasbar.restaurants-us.com/,,menu_exact,,
ChIJx_0o5PpZwokRrT97W5ehRn4,Al Badawi,,https://www.albadawinyc.com/,,places_api_missing_from_menu,albadawi,"1725 2nd Ave, New York, NY 10128, USA"
ChIJ35V_tZlbwokRzolpCln-mG4,Francie,,https://www.franciebrooklyn.com/,,menu_exact,,
ChIJwZz-LWlbwokR_hshOuzdrkw,Gage & Tollner,,https://www.gageandtollner.com/,,menu_exact,,
ChIJ__-z7kBZwokRezHqB39zBLI,Oxomoco,,https://www.oxomoconyc.com/,,menu_exact,,
ChIJ9ev4B-FbwokRhzTqc9KP5-I,Shalom Japen,,https://shalomjapannyc.com/,,places_api_missing_from_menu,Shalom Japan,"310 S 4th St rear, Brooklyn, NY 11211, USA"
ChIJ2QZOdTpawokRU_eN_EPJaX8,The River Café,,https://rivercafe.com/,,menu_exact,,
ChIJh0UvcqhbwokRSLfJGK9kNDg,Fausto,,https://www.faustobrooklyn.com/,,menu_exact,,
ChIJ2xcAfQFbwokRSBBCp0svARQ,Sailor,,https://www.sailor.nyc/,,menu_exact,,
ChIJHZyajD1ZwokREWLihHYSryQ,ILIS,,https://www.ilisnyc.com/,,menu_exact,,
ChIJ2aw2iQ5gwokRDiwmsI9YhnE,Asian Jewels,,http://asianjewelsny.com/,,menu_exact,,
ChIJnelMReNZwokRXqa1GK4myCk,Vert Frais,,https://vertfrais.squarespace.com/,,menu_exact,,
ChIJgbi06LFbwokRGr3pch2KH_A,Agi's Counter,,https://agis-counter.wherevi.com/,,menu_exact,,
ChIJg0ZHaSRZwokRHymWtw9gKJk,Jiang Nan,,https://jiangnannyc.shop/,,menu_exact,,
ChIJl2K8TWdbwokRVLXghh72lXs,LORE,,https://lore-brooklyn.menu-world.com/,,menu_exact,,
ChIJv0LelZRbwokRrUvqWn_7o98,Red Hook Tavern,,https://www.redhooktavern.com/,,menu_exact,,
ChIJPWi-ugVZwokRLBGafASWP6s,Lingo,,https://www.lingobk.com/,,menu_exact,,
ChIJtx7ymGVbwokRzDZBJ8NVJz0,Place des Fêtes,,https://www.pdfnyc.com/,,menu_exact,,
ChIJbQc9ABZZwokRMAK6C-Ekxg4,Bonnie's,,https://www.bonniesbrooklyn.com/,,menu_exact,,
ChIJIYMm9JldwokR3JTojl_rf8A,Olmo,,https://www.olmobk.com/,,menu_exact,,
ChIJKRqJ1-NZwokRRBz5r9t1hb4,Taqueria El Chato,,https://taqueria-el-chato.menu-world.com/,,menu_exact,,
ChIJVVXpcQBbwokRtKzSlyOoW1Y,Haenyeo,,https://haenyeobk.com/,,menu_exact,,
ChIJJa93rKRZwokRPoOmc_ta6DU,?ka Ka Q?llu,,https://ckakaqellue.com/,,menu_exact,,
ChIJB14pRT9FwokRnMbBprTy7RI,Yemenat,,https://www.yemenat.rest/,,menu_exact,,
ChIJm7QTo_lZwokRRnjGuJABJPQ,Maria Restaurant,,https://www.marianewrochelle.com/,,menu_exact,,
ChIJbTCMl19ZwokRUohF137p9cQ,The Four Horsemen,,https://www.fourhorsemenbk.com/,,places_api_missing_from_menu,The Four Horsemen,"295 Grand St, Brooklyn, NY 11211, USA"
ChIJK9DnCNlbwokR499xR5NXZII,Sofreh,,https://www.sofrehnyc.com/,,menu_exact,,
ChIJhYcE0JlbwokRVjovgUYR65M,Hart's,,https://www.hartsbrooklyn.com/,,menu_exact,,
ChIJFdppi6GNwokRniWwhWXgovg,Dubrovnik,,https://dubrovnikny.com/,,menu_exact,,
ChIJZVJwHU9FwokRBuD4swvPWjY,East Harbor Seafood Palace,,https://east-harbor-seafood-palace.com/,,menu_exact,,
ChIJb4LjG7r1wokRyAd4TrnrVeQ,Seis Vecinos,,https://www.seisvecinos.com/,,menu_exact,,
ChIJ90pvtWdfwokRw86tuNLCG7g,Taverna Kyclades,,https://www.tavernakyclades.com/,,menu_exact,,
ChIJNUFRnFVawokRYrq3moc2q6U,Runner & Stone,,http://www.runnerandstone.com/,,menu_exact,,
ChIJJye7jZBbwokRtioAck7uEIg,Theodora,,https://www.theodoranyc.com/,,menu_exact,,
ChIJmfa2wdVZwokRQhZSfY9P4p0,R40,,https://www.r40lic.com/,,menu_exact,,
ChIJU1l5-65ZwokRz4BLoRd9WDs,Win Son,,https://winsonbrooklyn.com/,,menu_exact,,
ChIJC_-pxFdbwokRuPw-9HZucGA,Saint Julivert Fisherie,,https://www.saintjulivertbk.com/,,menu_exact,,
ChIJTb3cUH1bwokRqVj5vctMMXs,Gus's Chop House,,https://www.gusbrooklyn.com/,,menu_exact,,
ChIJwXUoA99bwokRU2bF-gdB25I,Meadowsweet,,http://www.meadowsweetnyc.com/,,menu_exact,,
ChIJQ928SqRbwokRKuID55C7xFo,Alta Calidad,,https://altacalidadbk.com/,,menu_exact,,
ChIJWV3KRQBZwokRZlT-Om1I_1E,Roberta's,,https://www.robertaspizza.com/,,menu_exact,,
ChIJoWqUUFhFwokRgLdrJbh0bBg,Tanoreen,,http://tanoreen.com/,,menu_exact,,
ChIJmQ7DvBFgwokRBNJbyDc81oI,Alley 41,,https://www.alley41.com/,,menu_exact,,
ChIJrwxm-gpFwokR9f10RT15Ni8,Chuan Tian Xia,,https://chuantianxiany.com/,,menu_exact,,
ChIJHSJ36dxZwokR6p8zakiCSRA,Enso,,https://ensomakase.com/,,places_api_missing_from_menu,Enso Omakase,"117 Berry St, Brooklyn, NY 11249, USA"
ChIJ34eY6E5ZwokRvof_huM7t3U,Shota Omakase,,https://shotaomakase.com/,,menu_exact,,
ChIJ7VOxKVBFwokRO4Zf1ESGNAE,Neta Shari,,https://www.netashari.nyc/,,places_api_missing_from_menu,Neta Shari,"1718 86th St, Brooklyn, NY 11214, USA"
ChIJh2cqMDNZwokRqMMqNP9srxI,Restaurant Yuu,,https://www.yuunewyork.com/restaurantyuu/,,menu_exact,,
ChIJPbOOFvPzwokRttFt-acm5qo,Tobalá,,https://www.tobalanyc.com/,,menu_exact,,
ChIJv9ZXILdbwokRkAUmIvX8CvM,Mesiba,,https://www.mesibabk.com/,,menu_exact,,
ChIJNYYfWbhZwokRgg2gEj4N41g,Zaab Zaab,,https://zaabzaabnyc.com/,,menu_exact,,
ChIJN1M-dmVZwokRnicgNEGnFRY,Uzuki,,https://www.uzuki-ny.com/,,menu_exact,,
ChIJz0Bt0ldZwokR698-eT0Dh88,KRU,,https://www.krubrooklyn.com/,,menu_exact,,
ChIJmcr2IF9ZwokRr-u_-UTxju4,Wenwen,,https://www.wenwenbrooklyn.com/,,menu_exact,,
ChIJLyS5dYRZwokRlkA0g9eijjs,Laser Wolf,,https://www.laserwolfbrooklyn.com/,,menu_exact,,
ChIJmeKSwPFdwokRZ--71Rq0GBY,Sobre Masa,,https://sobremasa.com/,,menu_exact,,
ChIJa7TQMZFbwokRjivvo3SFNDQ,Runner Up,,https://www.winner.nyc/location/runner-up/,,menu_exact,,
