uid,rest_id,source,text,timestamp,rating
g_ChIJx32M-AZZwokRYXUV81ghelA_0,ChIJx32M-AZZwokRYXUV81ghelA,google_places,"I had an incredible omakase experience here. All of the sushi was so fresh, flavourful, and beautifully presented. There was such a wide selection of high quality dishes but some ones that stood out were the hairy crab with uni, fatty tuna, and Spanish mackerel. The staff/chefs were incredibly welcoming and accommodating. The atmosphere was a very clean and intimate venue providing the best sort of environment for an omakase. Overall, really happy with my experience here and will be looking forward to coming back.",1768590574.253642,5.0
g_ChIJx32M-AZZwokRYXUV81ghelA_2,ChIJx32M-AZZwokRYXUV81ghelA,google_places,"An incredible omakase experience at Sushi Akira. Every course was beautifully presented and incredibly fresh, with fish flown in from Japan and prepared with amazing precision. The chef’s attention to detail and the intimate counter experience made the entire meal feel special. One of the few female omakase chefs in NYC, Chef Nikki has refined her craft at Masa, Sushi Nakazawa, and Sushi of Gari, bringing Michelin-level precision, artistry, and service to Sushi Akira’s intimate 12-seat setting, 19-course omakase experience. Truly one of the best omakase experiences in NYC—can’t wait to come back. 🍣✨",1772988931.007035,5.0
r_mock_ChIJx32M-AZZwokRYXUV81ghelA_01,ChIJx32M-AZZwokRYXUV81ghelA,reddit,"Just had the tasting menu at Sushi Akira. Incredible progression, though the dessert was a bit sweet. #FoodNYC",1775694672.372743,
g_ChIJX97UMwBbwokRIFRlD1YzSRc_0,ChIJX97UMwBbwokRIFRlD1YzSRc,google_places,"Came here for my birthday, this was one of the loveliest meals I've had in a while. I recommend having a reservation, they say they take walk ins but its a small space so that really only seems to work if you show up around the time they open. The sommelier was very helpful in choosing wines and we enjoyed them with all of the food we ordered. We had the celtuce, scallop crudo, shaobing with lardo, short rib, cats ear noodles and sticky toffee eight treasures pudding. The cat ear noodles were probably our favorite, the dish reminded us of the lamb cumin noodles we used to eat in china",1768845369.033236,5.0
g_ChIJX97UMwBbwokRIFRlD1YzSRc_1,ChIJX97UMwBbwokRIFRlD1YzSRc,google_places,"Laughably difficult to get a table here but the host was kind enough to make a res for us a week later instead of fully turning us away after waiting on the waitlist for 3 hours on a Friday night. Service is great, my water was never empty. Very very small inside but so cute and well decorated. Same team behind king and stissing house in upstate (some of my favorite spots). In love with the broth that’s with the mushroom and cabbage rolls and the egg yolk squash incredible. Massive list of wines. Played some cantomando pop remixes which was nostalgic. Insanely expensive but that’s New York wine bars these days",1771212463.459627,5.0
r_mock_ChIJX97UMwBbwokRIFRlD1YzSRc_01,ChIJX97UMwBbwokRIFRlD1YzSRc,reddit,"Just had the tasting menu at Lei. Incredible progression, though the dessert was a bit sweet. #FoodNYC",1775694677.965346,
g_ChIJ47moWdBZwokR2Ud_ilXR05E_0,ChIJ47moWdBZwokR2Ud_ilXR05E,google_places,"From the moment the dishes arrived, everything felt carefully chosen and full of character—the colors, the freshness, the way each element complemented the other without feeling forced. The food felt indulgent yet balanced, with flavors that were bold but not overwhelming, and textures that kept every bite interesting. The seafood was cooked just right, rich and satisfying, while the dessert felt delicate, comforting, and quietly luxurious. It’s the kind of meal that doesn’t need explaining—you simply enjoy it, and it stays with you long after the table is cleared.",1769112572.64028,5.0
g_ChIJ47moWdBZwokR2Ud_ilXR05E_1,ChIJ47moWdBZwokR2Ud_ilXR05E,google_places,"The dining room has such a great atmosphere, lively, stylish, and super welcoming. The Striped Bass Aguachile was absolutely fantastic, so fresh, bright, and full of flavor. We also loved the drinks, perfectly crafted and really complemented the meal. And the desserts were incredible, a perfect ending. Highly recommend!",1770119090.116608,5.0
r_mock_ChIJ47moWdBZwokR2Ud_ilXR05E_01,ChIJ47moWdBZwokR2Ud_ilXR05E,reddit,"Just had the tasting menu at Comal. Incredible progression, though the dessert was a bit sweet. #FoodNYC",1775694684.517095,
